Svizzera 3);8 039 060 - Zürich;1 408 575 >> Bezirk Affoltern; 49 446 ......0001 Aeugst am Albis; 1 955 ......0002 Affoltern am Albis; 11 276 ......0003 Bonstetten; 5 205 ......0004 Hausen am Albis; 3 376 ......0005 Hedingen; 3 511 ......0006 Kappel am Albis;  922 ......0007 Knonau; 1 982 ......0008 Maschwanden;  641 ......0009 Mettmenstetten; 4 420 ......0010 Obfelden; 4 833 ......0011 Ottenbach; 2 480 ......0012 Rifferswil;  957 ......0013 Stallikon; 3 309 ......0014 Wettswil am Albis; 4 579 >> Bezirk Andelfingen; 30 038 ......0021 Adlikon;  561 ......0022 Benken (ZH);  823 ......0023 Berg am Irchel;  587 ......0024 Buch am Irchel;  899 ......0025 Dachsen; 1 960 ......0026 Dorf;  634 ......0027 Feuerthalen; 3 464 ......0028 Flaach; 1 331 ......0029 Flurlingen; 1 414 ......0030 Andelfingen; 2 063 ......0031 Henggart; 2 254 ......0032 Humlikon;  483 ......0033 Kleinandelfingen; 2 013 ......0034 Laufen-Uhwiesen; 1 558 ......0035 Marthalen; 1 968 ......0036 Oberstammheim; 1 130 ......0037 Ossingen; 1 348 ......0038 Rheinau; 1 345 ......0039 Thalheim an der Thur;  899 ......0040 Trüllikon;  988 ......0041 Truttikon;  464 ......0042 Unterstammheim;  867 ......0043 Volken;  310 ......0044 Waltalingen;  675 >> Bezirk Bülach; 135 985 ......0051 Bachenbülach; 4 019 ......0052 Bassersdorf; 11 243 ......0053 Bülach; 17 975 ......0054 Dietlikon; 7 170 ......0055 Eglisau; 4 709 ......0056 Embrach; 8 986 ......0057 Freienstein-Teufen; 2 317 ......0058 Glattfelden; 4 550 ......0059 Hochfelden; 2 022 ......0060 Höri; 2 619 ......0061 Hüntwangen; 1 000 ......0062 Kloten; 18 402 ......0063 Lufingen; 1 833 ......0064 Nürensdorf; 5 274 ......0065 Oberembrach; 1 030 ......0066 Opfikon; 16 116 ......0067 Rafz; 4 098 ......0068 Rorbas; 2 501 ......0069 Wallisellen; 14 188 ......0070 Wasterkingen;  547 ......0071 Wil (ZH); 1 298 ......0072 Winkel; 4 088 >> Bezirk Dielsdorf; 82 657 ......0081 Bachs;  574 ......0082 Boppelsen; 1 276 ......0083 Buchs (ZH); 6 068 ......0084 Dällikon; 3 733 ......0085 Dänikon; 1 928 ......0086 Dielsdorf; 5 790 ......0087 Hüttikon;  669 ......0088 Neerach; 3 029 ......0089 Niederglatt; 4 580 ......0090 Niederhasli; 8 723 ......0091 Niederweningen; 2 760 ......0092 Oberglatt; 6 063 ......0093 Oberweningen; 1 754 ......0094 Otelfingen; 2 755 ......0095 Regensberg;  491 ......0096 Regensdorf; 16 975 ......0097 Rümlang; 7 019 ......0098 Schleinikon;  718 ......0099 Schöfflisdorf; 1 375 ......0100 Stadel; 2 015 ......0101 Steinmaur; 3 279 ......0102 Weiach; 1 083 >> Bezirk Hinwil; 90 740 ......0111 Bäretswil; 4 934 ......0112 Bubikon; 6 854 ......0113 Dürnten; 7 164 ......0114 Fischenthal; 2 329 ......0115 Gossau (ZH); 9 725 ......0116 Grüningen; 3 229 ......0117 Hinwil; 10 615 ......0118 Rüti (ZH); 11 968 ......0119 Seegräben; 1 305 ......0120 Wald (ZH); 9 343 ......0121 Wetzikon (ZH); 23 274 >> Bezirk Horgen; 118 718 ......0131 Adliswil; 18 037 ......0132 Hirzel; 2 134 ......0133 Horgen; 19 282 ......0134 Hütten;  897 ......0135 Kilchberg (ZH); 7 675 ......0136 Langnau am Albis; 7 254 ......0137 Oberrieden; 4 979 ......0138 Richterswil; 12 832 ......0139 Rüschlikon; 5 425 ......0140 Schönenberg (ZH); 1 896 ......0141 Thalwil; 17 340 ......0142 Wädenswil; 20 967 >> Bezirk Meilen; 98 090 ......0151 Erlenbach (ZH); 5 325 ......0152 Herrliberg; 6 148 ......0153 Hombrechtikon; 8 119 ......0154 Küsnacht (ZH); 13 518 ......0155 Männedorf; 10 470 ......0156 Meilen; 12 816 ......0157 Oetwil am See; 4 557 ......0158 Stäfa; 13 876 ......0159 Uetikon am See; 5 931 ......0160 Zumikon; 5 167 ......0161 Zollikon; 12 163 >> Bezirk Pfäffikon; 57 336 ......0171 Bauma; 4 224 ......0172 Fehraltorf; 6 234 ......0173 Hittnau; 3 508 ......0174 Illnau-Effretikon; 16 117 ......0175 Kyburg;  405 ......0176 Lindau; 5 212 ......0177 Pfäffikon; 11 027 ......0178 Russikon; 4 132 ......0179 Sternenberg;  349 ......0180 Weisslingen; 3 176 ......0181 Wila; 1 947 ......0182 Wildberg; 1 005 >> Bezirk Uster; 122 862 ......0191 Dübendorf; 25 341 ......0192 Egg; 8 305 ......0193 Fällanden; 8 072 ......0194 Greifensee; 5 226 ......0195 Maur; 9 634 ......0196 Mönchaltorf; 3 447 ......0197 Schwerzenbach; 4 743 ......0198 Uster; 32 748 ......0199 Volketswil; 17 768 ......0200 Wangen-Brüttisellen; 7 578 >> Bezirk Winterthur; 158 156 ......0211 Altikon;  619 ......0212 Bertschikon; 1 055 ......0213 Brütten; 1 989 ......0214 Dägerlen;  986 ......0215 Dättlikon;  748 ......0216 Dinhard; 1 451 ......0217 Elgg; 4 034 ......0218 Ellikon an der Thur;  916 ......0219 Elsau; 3 355 ......0220 Hagenbuch; 1 103 ......0221 Hettlingen; 2 995 ......0222 Hofstetten (ZH);  482 ......0223 Neftenbach; 5 425 ......0224 Pfungen; 3 386 ......0225 Rickenbach (ZH); 2 551 ......0226 Schlatt (ZH);  738 ......0227 Seuzach; 7 136 ......0228 Turbenthal; 4 301 ......0229 Wiesendangen; 4 929 ......0230 Winterthur; 104 468 ......0231 Zell (ZH); 5 489 >> Bezirk Dietikon; 83 770 ......0241 Aesch (ZH); 1 157 ......0242 Birmensdorf (ZH); 5 965 ......0243 Dietikon; 24 843 ......0244 Geroldswil; 4 755 ......0245 Oberengstringen; 6 416 ......0246 Oetwil an der Limmat; 2 332 ......0247 Schlieren; 17 199 ......0248 Uitikon; 3 947 ......0249 Unterengstringen; 3 398 ......0250 Urdorf; 9 471 ......0251 Weiningen (ZH); 4 287 >> Bezirk Zürich; 380 777 ......0261 Zürich; 380 777 - Bern / Berne; 992 617 >> Arrondissement administratif Jura bernois; 52 251 ......0431 Corgémont; 1 604 ......0432 Cormoret;  490 ......0433 Cortébert;  717 ......0434 Courtelary; 1 259 ......0435 La Ferrière;  557 ......0436 La Heutte;  477 ......0437 Mont-Tramelan;  102 ......0438 Orvin; 1 195 ......0439 Péry; 1 362 ......0440 Plagne;  349 ......0441 Renan (BE);  875 ......0442 Romont (BE);  206 ......0443 Saint-Imier; 4 866 ......0444 Sonceboz-Sombeval; 1 791 ......0445 Sonvilier; 1 209 ......0446 Tramelan; 4 335 ......0447 Vauffelin;  423 ......0448 Villeret;  899 ......0681 Belprahon;  300 ......0682 Bévilard; 1 710 ......0683 Champoz;  156 ......0684 Châtelat;  104 ......0687 Corcelles (BE);  209 ......0690 Court; 1 422 ......0691 Crémines;  531 ......0692 Eschert;  366 ......0694 Grandval;  341 ......0696 Loveresse;  321 ......0697 Malleray; 1 987 ......0699 Monible;  36 ......0700 Moutier; 7 553 ......0701 Perrefitte;  453 ......0702 Pontenet;  224 ......0703 Reconvilier; 2 217 ......0704 Roches (BE);  208 ......0706 Saicourt;  604 ......0707 Saules (BE);  157 ......0708 Schelten;  34 ......0709 Seehof;  70 ......0710 Sornetan;  128 ......0711 Sorvilier;  262 ......0712 Souboz;  135 ......0713 Tavannes; 3 522 ......0715 Rebévelier;  45 ......0721 Diesse;  439 ......0722 Lamboing;  702 ......0723 La Neuveville; 3 666 ......0724 Nods;  721 ......0725 Prêles;  912 >> Verwaltungskreis Biel/Bienne; 95 718 ......0371 Biel/Bienne; 52 351 ......0372 Evilard; 2 465 ......0387 Lengnau (BE); 4 633 ......0390 Meinisberg; 1 309 ......0392 Pieterlen; 3 821 ......0731 Aegerten; 1 781 ......0732 Bellmund; 1 546 ......0733 Brügg; 4 257 ......0739 Ipsach; 3 940 ......0740 Ligerz;  527 ......0742 Mörigen;  882 ......0743 Nidau; 6 782 ......0744 Orpund; 2 649 ......0745 Port; 3 346 ......0746 Safnern; 1 854 ......0747 Scheuren;  460 ......0748 Schwadernau;  662 ......0750 Sutz-Lattrigen; 1 358 ......0756 Twann-Tüscherz; 1 095 >> Verwaltungskreis Seeland; 69 501 ......0301 Aarberg; 4 182 ......0302 Bargen (BE);  984 ......0303 Grossaffoltern; 2 813 ......0304 Kallnach; 1 611 ......0305 Kappelen; 1 326 ......0306 Lyss; 14 080 ......0308 Niederried bei Kallnach;  296 ......0309 Radelfingen; 1 196 ......0310 Rapperswil (BE); 2 106 ......0311 Schüpfen; 3 566 ......0312 Seedorf (BE); 2 968 ......0381 Arch; 1 514 ......0382 Büetigen;  799 ......0383 Büren an der Aare; 3 356 ......0385 Diessbach bei Büren;  915 ......0386 Dotzigen; 1 389 ......0388 Leuzigen; 1 191 ......0389 Meienried;  52 ......0391 Oberwil bei Büren;  804 ......0393 Rüti bei Büren;  812 ......0394 Wengi;  604 ......0491 Brüttelen;  569 ......0492 Erlach; 1 340 ......0493 Finsterhennen;  502 ......0494 Gals;  722 ......0495 Gampelen;  796 ......0496 Ins; 3 277 ......0497 Lüscherz;  532 ......0498 Müntschemier; 1 307 ......0499 Siselen;  599 ......0500 Treiten;  425 ......0501 Tschugg;  459 ......0502 Vinelz;  825 ......0532 Bangerten;  160 ......0548 Ruppoldsried;  262 ......0734 Bühl;  416 ......0735 Epsach;  323 ......0736 Hagneck;  406 ......0737 Hermrigen;  254 ......0738 Jens;  674 ......0741 Merzligen;  405 ......0749 Studen (BE); 2 884 ......0751 Täuffelen; 2 653 ......0754 Walperswil;  936 ......0755 Worben; 2 211 >> Verwaltungskreis Oberaargau; 77 964 ......0321 Aarwangen; 4 229 ......0322 Auswil;  452 ......0323 Bannwil;  688 ......0324 Bleienbach;  654 ......0325 Busswil bei Melchnau;  200 ......0326 Gondiswil;  746 ......0329 Langenthal; 15 184 ......0331 Lotzwil; 2 482 ......0332 Madiswil; 3 120 ......0333 Melchnau; 1 529 ......0334 Obersteckholz;  431 ......0335 Oeschenbach;  241 ......0336 Reisiswil;  189 ......0337 Roggwil (BE); 3 837 ......0338 Rohrbach; 1 407 ......0339 Rohrbachgraben;  417 ......0340 Rütschelen;  573 ......0341 Schwarzhäusern;  503 ......0342 Thunstetten; 3 086 ......0344 Ursenbach;  897 ......0345 Wynau; 1 539 ......0953 Eriswil; 1 360 ......0954 Huttwil; 4 663 ......0959 Walterswil (BE);  541 ......0960 Wyssachen; 1 162 ......0971 Attiswil; 1 324 ......0972 Berken;  42 ......0973 Bettenhausen;  684 ......0975 Farnern;  207 ......0976 Graben;  305 ......0977 Heimenhausen; 1 016 ......0978 Hermiswil;  99 ......0979 Herzogenbuchsee; 6 868 ......0980 Inkwil;  628 ......0981 Niederbipp; 4 249 ......0982 Niederönz; 1 550 ......0983 Oberbipp; 1 653 ......0985 Ochlenberg;  573 ......0987 Rumisberg;  467 ......0988 Seeberg; 1 426 ......0989 Thörigen; 1 023 ......0990 Walliswil bei Niederbipp;  218 ......0991 Walliswil bei Wangen;  573 ......0992 Wangen an der Aare; 2 126 ......0993 Wangenried;  410 ......0995 Wiedlisbach; 2 207 ......0996 Wolfisberg;  186 >> Verwaltungskreis Emmental; 94 525 ......0401 Aefligen; 1 080 ......0402 Alchenstorf;  567 ......0404 Burgdorf; 15 659 ......0405 Ersigen; 1 640 ......0406 Hasle bei Burgdorf; 3 184 ......0407 Heimiswil; 1 591 ......0408 Hellsau;  189 ......0409 Hindelbank; 2 166 ......0410 Höchstetten;  271 ......0411 Kernenried;  455 ......0412 Kirchberg (BE); 5 671 ......0413 Koppigen; 2 037 ......0414 Krauchthal; 2 322 ......0415 Lyssach; 1 428 ......0416 Mötschwil;  134 ......0417 Niederösch;  240 ......0418 Oberburg; 2 924 ......0419 Oberösch;  110 ......0420 Rüdtligen-Alchenflüh; 2 352 ......0421 Rumendingen;  83 ......0422 Rüti bei Lyssach;  163 ......0423 Willadingen;  208 ......0424 Wynigen; 2 001 ......0533 Bätterkinden; 3 131 ......0552 Utzenstorf; 4 156 ......0554 Wiler bei Utzenstorf;  828 ......0556 Zielebach;  326 ......0901 Eggiwil; 2 427 ......0902 Langnau im Emmental; 9 092 ......0903 Lauperswil; 2 672 ......0904 Röthenbach im Emmental; 1 241 ......0905 Rüderswil; 2 376 ......0906 Schangnau;  903 ......0907 Signau; 2 745 ......0908 Trub; 1 359 ......0909 Trubschachen; 1 419 ......0951 Affoltern im Emmental; 1 142 ......0952 Dürrenroth; 1 071 ......0955 Lützelflüh; 4 052 ......0956 Rüegsau; 3 087 ......0957 Sumiswald; 5 028 ......0958 Trachselwald;  995 >> Verwaltungskreis Bern-Mittelland; 395 006 ......0307 Meikirch; 2 424 ......0351 Bern; 127 515 ......0352 Bolligen; 6 021 ......0353 Bremgarten bei Bern; 4 318 ......0354 Kirchlindach; 2 808 ......0355 Köniz; 39 375 ......0356 Muri bei Bern; 12 675 ......0357 Oberbalm;  876 ......0358 Stettlen; 2 883 ......0359 Vechigen; 4 809 ......0360 Wohlen bei Bern; 8 901 ......0361 Zollikofen; 9 977 ......0362 Ittigen; 10 997 ......0363 Ostermundigen; 15 871 ......0403 Bäriswil; 1 024 ......0534 Büren zum Hof;  463 ......0535 Deisswil bei Münchenbuchsee;  92 ......0536 Diemerswil;  190 ......0537 Etzelkofen;  296 ......0538 Fraubrunnen; 1 826 ......0539 Grafenried;  975 ......0540 Jegenstorf; 4 774 ......0541 Iffwil;  412 ......0542 Limpach;  341 ......0543 Mattstetten;  586 ......0544 Moosseedorf; 3 645 ......0545 Mülchi;  227 ......0546 Münchenbuchsee; 9 749 ......0547 Münchringen;  620 ......0549 Schalunen;  407 ......0550 Scheunen;  76 ......0551 Urtenen-Schönbühl; 5 890 ......0553 Wiggiswil;  98 ......0555 Zauggenried;  310 ......0557 Zuzwil (BE);  578 ......0602 Arni (BE);  937 ......0603 Biglen; 1 736 ......0604 Bleiken bei Oberdiessbach;  391 ......0605 Bowil; 1 365 ......0606 Brenzikofen;  521 ......0607 Freimettigen;  449 ......0608 Grosshöchstetten; 3 287 ......0609 Häutligen;  252 ......0610 Herbligen;  579 ......0611 Kiesen;  864 ......0612 Konolfingen; 4 911 ......0613 Landiswil;  634 ......0614 Linden; 1 307 ......0615 Mirchel;  591 ......0616 Münsingen; 11 057 ......0617 Niederhünigen;  626 ......0619 Oberdiessbach; 3 085 ......0620 Oberthal;  761 ......0622 Oppligen;  664 ......0623 Rubigen; 2 895 ......0624 Schlosswil;  632 ......0625 Tägertschi;  409 ......0626 Walkringen; 1 832 ......0627 Worb; 11 324 ......0628 Zäziwil; 1 632 ......0629 Oberhünigen;  326 ......0630 Allmendingen;  511 ......0631 Trimstein;  509 ......0632 Wichtrach; 4 089 ......0661 Clavaleyres;  50 ......0662 Ferenbalm; 1 243 ......0663 Frauenkappelen; 1 241 ......0664 Golaten;  295 ......0665 Gurbrü;  254 ......0666 Kriechenwil;  414 ......0667 Laupen; 2 821 ......0668 Mühleberg; 2 727 ......0669 Münchenwiler;  471 ......0670 Neuenegg; 4 880 ......0671 Wileroltigen;  385 ......0852 Guggisberg; 1 553 ......0853 Rüschegg; 1 612 ......0855 Schwarzenburg; 6 773 ......0861 Belp; 11 108 ......0865 Gelterfingen;  254 ......0866 Gerzensee; 1 184 ......0868 Jaberg;  252 ......0869 Kaufdorf; 1 048 ......0870 Kehrsatz; 4 120 ......0872 Kirchdorf (BE);  881 ......0873 Kirchenthurnen;  272 ......0874 Lohnstorf;  218 ......0875 Mühledorf (BE);  258 ......0876 Mühlethurnen; 1 372 ......0877 Niedermuhlern;  461 ......0878 Noflen;  286 ......0879 Riggisberg; 2 401 ......0880 Rüeggisberg; 1 846 ......0881 Rümligen;  438 ......0884 Toffen; 2 499 ......0888 Wald (BE); 1 184 >> Verwaltungskreis Thun; 104 960 ......0764 Niederstocken;  248 ......0765 Oberstocken;  289 ......0767 Reutigen;  980 ......0863 Burgistein; 1 031 ......0867 Gurzelen;  817 ......0871 Kienersrüti;  51 ......0883 Seftigen; 2 163 ......0885 Uttigen; 1 847 ......0886 Wattenwil; 2 728 ......0921 Amsoldingen;  788 ......0922 Blumenstein; 1 184 ......0923 Buchholterberg; 1 542 ......0924 Eriz;  490 ......0925 Fahrni;  796 ......0927 Heiligenschwendi;  681 ......0928 Heimberg; 6 465 ......0929 Hilterfingen; 4 061 ......0930 Höfen;  441 ......0931 Homberg;  509 ......0932 Horrenbach-Buchen;  256 ......0934 Oberhofen am Thunersee; 2 366 ......0935 Oberlangenegg;  481 ......0936 Pohlern;  263 ......0937 Schwendibach;  255 ......0938 Sigriswil; 4 679 ......0939 Steffisburg; 15 515 ......0940 Teuffenthal (BE);  161 ......0941 Thierachern; 2 350 ......0942 Thun; 42 735 ......0943 Uebeschi;  668 ......0944 Uetendorf; 5 932 ......0945 Unterlangenegg;  927 ......0946 Wachseldorn;  228 ......0947 Zwieselberg;  282 ......0948 Forst-Längenbühl;  751 >> Verwaltungskreis Obersimmental-Saanen; 16 697 ......0791 Boltigen; 1 353 ......0792 Lenk; 2 463 ......0793 St. Stephan; 1 346 ......0794 Zweisimmen; 2 935 ......0841 Gsteig;  977 ......0842 Lauenen;  816 ......0843 Saanen; 6 807 >> Verwaltungskreis Frutigen-Niedersimmental; 39 347 ......0561 Adelboden; 3 500 ......0562 Aeschi bei Spiez; 2 123 ......0563 Frutigen; 6 692 ......0564 Kandergrund;  791 ......0565 Kandersteg; 1 236 ......0566 Krattigen; 1 031 ......0567 Reichenbach im Kandertal; 3 469 ......0761 Därstetten;  850 ......0762 Diemtigen; 2 142 ......0763 Erlenbach im Simmental; 1 683 ......0766 Oberwil im Simmental;  813 ......0768 Spiez; 12 549 ......0769 Wimmis; 2 468 >> Verwaltungskreis Interlaken-Oberhasli; 46 648 ......0571 Beatenberg; 1 150 ......0572 Bönigen; 2 478 ......0573 Brienz (BE); 3 019 ......0574 Brienzwiler;  491 ......0575 Därligen;  420 ......0576 Grindelwald; 3 761 ......0577 Gsteigwiler;  420 ......0578 Gündlischwand;  299 ......0579 Habkern;  634 ......0580 Hofstetten bei Brienz;  533 ......0581 Interlaken; 5 504 ......0582 Iseltwald;  430 ......0584 Lauterbrunnen; 2 470 ......0585 Leissigen;  952 ......0586 Lütschental;  238 ......0587 Matten bei Interlaken; 3 777 ......0588 Niederried bei Interlaken;  335 ......0589 Oberried am Brienzersee;  456 ......0590 Ringgenberg (BE); 2 629 ......0591 Saxeten;  100 ......0592 Schwanden bei Brienz;  578 ......0593 Unterseen; 5 562 ......0594 Wilderswil; 2 558 ......0781 Gadmen;  227 ......0782 Guttannen;  317 ......0783 Hasliberg; 1 227 ......0784 Innertkirchen;  844 ......0785 Meiringen; 4 642 ......0786 Schattenhalb;  597 - Luzern; 386 082 >> Amt Entlebuch; 18 749 ......1001 Doppleschwand;  739 ......1002 Entlebuch; 3 296 ......1003 Escholzmatt; 3 134 ......1004 Flühli; 1 902 ......1005 Hasle (LU); 1 751 ......1006 Marbach (LU); 1 212 ......1007 Romoos;  695 ......1008 Schüpfheim; 4 053 ......1009 Werthenstein; 1 967 >> Amt Hochdorf; 67 818 ......1021 Aesch (LU); 1 009 ......1022 Altwis;  411 ......1023 Ballwil; 2 577 ......1024 Emmen; 28 701 ......1025 Ermensee;  874 ......1026 Eschenbach (LU); 3 547 ......1030 Hitzkirch; 4 832 ......1031 Hochdorf; 8 877 ......1032 Hohenrain; 2 418 ......1033 Inwil; 2 306 ......1037 Rain; 2 494 ......1039 Römerswil; 1 632 ......1040 Rothenburg; 7 227 ......1041 Schongau;  913 >> Amt Luzern; 176 710 ......1051 Adligenswil; 5 406 ......1052 Buchrain; 6 049 ......1053 Dierikon; 1 467 ......1054 Ebikon; 12 571 ......1055 Gisikon; 1 148 ......1056 Greppen; 1 050 ......1057 Honau;  366 ......1058 Horw; 13 618 ......1059 Kriens; 26 751 ......1061 Luzern; 79 478 ......1062 Malters; 6 861 ......1063 Meggen; 6 752 ......1064 Meierskappel; 1 301 ......1065 Root; 4 633 ......1066 Schwarzenberg; 1 676 ......1067 Udligenswil; 2 196 ......1068 Vitznau; 1 206 ......1069 Weggis; 4 181 >> Amt Sursee; 72 373 ......1081 Beromünster; 4 800 ......1082 Büron; 2 211 ......1083 Buttisholz; 3 257 ......1084 Eich; 1 690 ......1085 Geuensee; 2 592 ......1086 Grosswangen; 3 074 ......1088 Hildisrieden; 1 969 ......1089 Knutwil; 2 077 ......1091 Mauensee; 1 161 ......1092 Neudorf; 1 233 ......1093 Neuenkirch; 6 185 ......1094 Nottwil; 3 443 ......1095 Oberkirch; 3 808 ......1096 Pfeffikon;  725 ......1097 Rickenbach (LU); 2 336 ......1098 Ruswil; 6 636 ......1099 Schenkon; 2 678 ......1100 Schlierbach;  755 ......1102 Sempach; 4 105 ......1103 Sursee; 9 079 ......1104 Triengen; 4 416 ......1107 Wolhusen; 4 143 >> Amt Willisau; 50 432 ......1121 Alberswil;  590 ......1122 Altbüron;  951 ......1123 Altishofen; 1 531 ......1125 Dagmersellen; 5 103 ......1126 Ebersecken;  415 ......1127 Egolzwil; 1 321 ......1128 Ettiswil; 2 486 ......1129 Fischbach;  731 ......1130 Gettnau; 1 033 ......1131 Grossdietwil;  853 ......1132 Hergiswil bei Willisau; 1 831 ......1135 Luthern; 1 327 ......1136 Menznau; 2 870 ......1137 Nebikon; 2 452 ......1138 Ohmstal;  307 ......1139 Pfaffnau; 2 245 ......1140 Reiden; 6 650 ......1142 Roggliswil;  617 ......1143 Schötz; 3 557 ......1145 Ufhusen;  847 ......1146 Wauwil; 1 859 ......1147 Wikon; 1 416 ......1150 Zell (LU); 2 001 ......1151 Willisau; 7 439 - Uri; 35 693 ......1201 Altdorf (UR); 8 981 ......1202 Andermatt; 1 320 ......1203 Attinghausen; 1 591 ......1204 Bauen;  170 ......1205 Bürglen (UR); 3 917 ......1206 Erstfeld; 3 778 ......1207 Flüelen; 1 988 ......1208 Göschenen;  434 ......1209 Gurtnellen;  583 ......1210 Hospental;  216 ......1211 Isenthal;  529 ......1212 Realp;  133 ......1213 Schattdorf; 5 009 ......1214 Seedorf (UR); 1 806 ......1215 Seelisberg;  684 ......1216 Silenen; 2 162 ......1217 Sisikon;  394 ......1218 Spiringen;  846 ......1219 Unterschächen;  699 ......1220 Wassen;  453 - Schwyz; 149 830 >> Bezirk Einsiedeln; 14 632 ......1301 Einsiedeln; 14 632 >> Bezirk Gersau; 2 118 ......1311 Gersau; 2 118 >> Bezirk Höfe; 27 754 ......1321 Feusisberg; 4 945 ......1322 Freienbach; 15 758 ......1323 Wollerau; 7 051 >> Bezirk Küssnacht (SZ); 12 401 ......1331 Küssnacht (SZ); 12 401 >> Bezirk March; 40 221 ......1341 Altendorf; 6 376 ......1342 Galgenen; 4 945 ......1343 Innerthal;  198 ......1344 Lachen; 8 004 ......1345 Reichenburg; 3 350 ......1346 Schübelbach; 8 567 ......1347 Tuggen; 3 003 ......1348 Vorderthal; 1 014 ......1349 Wangen (SZ); 4 764 >> Bezirk Schwyz; 52 704 ......1361 Alpthal;  591 ......1362 Arth; 10 924 ......1363 Illgau;  801 ......1364 Ingenbohl; 8 597 ......1365 Lauerz; 1 056 ......1366 Morschach; 1 093 ......1367 Muotathal; 3 469 ......1368 Oberiberg;  841 ......1369 Riemenstalden;  92 ......1370 Rothenthurm; 2 238 ......1371 Sattel; 1 828 ......1372 Schwyz; 14 663 ......1373 Steinen; 3 274 ......1374 Steinerberg;  913 ......1375 Unteriberg; 2 324 - Obwalden; 36 115 ......1401 Alpnach; 5 736 ......1402 Engelberg; 3 989 ......1403 Giswil; 3 607 ......1404 Kerns; 5 800 ......1405 Lungern; 2 098 ......1406 Sachseln; 4 926 ......1407 Sarnen; 9 959 - Nidwalden; 41 584 ......1501 Beckenried; 3 319 ......1502 Buochs; 5 370 ......1503 Dallenwil; 1 782 ......1504 Emmetten; 1 328 ......1505 Ennetbürgen; 4 484 ......1506 Ennetmoos; 2 095 ......1507 Hergiswil (NW); 5 487 ......1508 Oberdorf (NW); 3 101 ......1509 Stans; 8 112 ......1510 Stansstad; 4 417 ......1511 Wolfenschiessen; 2 089 - Glarus; 39 369 ......1630 Glarus Nord; 17 198 ......1631 Glarus Süd; 9 859 ......1632 Glarus; 12 312 - Zug; 116 575 ......1701 Baar; 22 355 ......1702 Cham; 15 020 ......1703 Hünenberg; 8 804 ......1704 Menzingen; 4 335 ......1705 Neuheim; 2 006 ......1706 Oberägeri; 5 653 ......1707 Risch; 9 779 ......1708 Steinhausen; 9 213 ......1709 Unterägeri; 8 280 ......1710 Walchwil; 3 593 ......1711 Zug; 27 537 - Fribourg / Freiburg; 291 395 >> District de la Broye; 28 448 ......2004 Bussy (FR);  385 ......2005 Châbles;  710 ......2008 Châtillon (FR);  405 ......2009 Cheiry;  365 ......2010 Cheyres; 1 242 ......2011 Cugy (FR); 1 496 ......2013 Domdidier; 2 884 ......2014 Dompierre (FR);  911 ......2015 Estavayer-le-Lac; 6 011 ......2016 Fétigny;  878 ......2022 Gletterens;  911 ......2024 Léchelles;  629 ......2025 Lully (FR); 1 036 ......2027 Ménières;  340 ......2029 Montagny (FR); 2 103 ......2033 Morens (FR);  137 ......2034 Murist;  595 ......2035 Nuvilly;  388 ......2038 Prévondavaux;  65 ......2039 Rueyres-les-Prés;  362 ......2040 Russy;  211 ......2041 Saint-Aubin (FR); 1 526 ......2043 Sévaz;  249 ......2044 Surpierre;  311 ......2045 Vallon;  351 ......2047 Villeneuve (FR);  347 ......2049 Vuissens;  228 ......2050 Les Montets; 1 333 ......2051 Delley-Portalban;  971 ......2052 Vernay; 1 068 >> District de la Glâne; 21 790 ......2061 Auboranges;  275 ......2063 Billens-Hennens;  659 ......2066 Chapelle (Glâne);  258 ......2067 Le Châtelard;  372 ......2068 Châtonnaye;  742 ......2072 Ecublens (FR);  304 ......2079 Grangettes;  190 ......2086 Massonnens;  453 ......2087 Mézières (FR); 1 000 ......2089 Montet (Glâne);  364 ......2096 Romont (FR); 4 841 ......2097 Rue; 1 336 ......2099 Siviriez; 2 153 ......2102 Ursy; 2 564 ......2111 Villaz-Saint-Pierre; 1 101 ......2113 Vuisternens-devant-Romont; 2 118 ......2114 Villorsonnens; 1 310 ......2115 Torny;  851 ......2116 La Folliaz;  899 >> District de la Gruyère; 49 022 ......2121 Haut-Intyamon; 1 424 ......2122 Pont-en-Ogoz; 1 665 ......2123 Botterens;  504 ......2124 Broc; 2 442 ......2125 Bulle; 20 177 ......2126 Cerniat (FR);  348 ......2127 Charmey; 1 947 ......2128 Châtel-sur-Montsalvens;  248 ......2129 Corbières;  757 ......2130 Crésuz;  301 ......2131 Echarlens;  767 ......2134 Grandvillard;  778 ......2135 Gruyères; 2 027 ......2137 Hauteville;  561 ......2138 Jaun;  667 ......2140 Marsens; 1 696 ......2143 Morlon;  588 ......2145 Le Pâquier (FR); 1 109 ......2147 Pont-la-Ville;  583 ......2148 Riaz; 2 201 ......2149 La Roche; 1 449 ......2152 Sâles; 1 440 ......2153 Sorens; 1 006 ......2155 Vaulruz;  994 ......2160 Vuadens; 2 153 ......2162 Bas-Intyamon; 1 190 >> District de la Sarine; 99 245 ......2171 Arconciel;  762 ......2172 Autafond;  74 ......2173 Autigny;  710 ......2174 Avry; 1 844 ......2175 Belfaux; 2 862 ......2177 Chénens;  702 ......2179 Chésopelloz;  126 ......2183 Corminboeuf; 2 140 ......2184 Corpataux-Magnedens; 1 237 ......2185 Corserey;  384 ......2186 Cottens (FR); 1 385 ......2189 Ependes (FR); 1 095 ......2192 Farvagny; 2 130 ......2194 Ferpicloz;  278 ......2196 Fribourg; 36 633 ......2197 Givisiez; 3 043 ......2198 Granges-Paccot; 2 926 ......2200 Grolley; 1 858 ......2206 Marly; 7 729 ......2208 Matran; 1 567 ......2211 Neyruz (FR); 2 321 ......2213 Noréaz;  597 ......2216 Pierrafortscha;  149 ......2217 Ponthaux;  681 ......2220 Le Mouret; 3 022 ......2221 Prez-vers-Noréaz;  937 ......2222 Rossens (FR); 1 242 ......2223 Le Glèbe; 1 189 ......2225 Senèdes;  139 ......2226 Treyvaux; 1 439 ......2228 Villars-sur-Glâne; 11 975 ......2230 Villarsel-sur-Marly;  84 ......2231 Vuisternens-en-Ogoz;  938 ......2233 Hauterive (FR); 2 268 ......2234 La Brillaz; 1 777 ......2235 La Sonnaz; 1 002 >> Bezirk See / District du Lac; 33 924 ......2243 Barberêche;  514 ......2244 Büchslen;  171 ......2250 Courgevaux; 1 367 ......2251 Courlevon;  305 ......2254 Courtepin; 3 503 ......2257 Cressier (FR);  836 ......2258 Fräschels;  456 ......2259 Galmiz;  630 ......2260 Gempenach;  291 ......2261 Greng;  157 ......2262 Gurmels; 3 927 ......2264 Jeuss;  424 ......2265 Kerzers; 4 764 ......2266 Kleinbösingen;  595 ......2270 Lurtigen;  182 ......2271 Meyriez;  597 ......2272 Misery-Courtion; 1 635 ......2274 Muntelier;  951 ......2275 Murten; 6 279 ......2276 Ried bei Kerzers; 1 029 ......2277 Salvenach;  502 ......2278 Ulmiz;  403 ......2279 Villarepos;  576 ......2280 Bas-Vully; 2 011 ......2281 Haut-Vully; 1 368 ......2283 Wallenried;  451 >> Bezirk Sense; 42 014 ......2291 Alterswil; 1 994 ......2292 Brünisried;  650 ......2293 Düdingen; 7 504 ......2294 Giffers; 1 431 ......2295 Bösingen; 3 346 ......2296 Heitenried; 1 366 ......2298 Oberschrot; 1 160 ......2299 Plaffeien; 1 944 ......2300 Plasselb; 1 020 ......2301 Rechthalten; 1 084 ......2302 St. Antoni; 1 925 ......2303 St. Silvester;  942 ......2304 St. Ursen; 1 252 ......2305 Schmitten (FR); 3 949 ......2306 Tafers; 3 097 ......2307 Tentlingen; 1 228 ......2308 Ueberstorf; 2 395 ......2309 Wünnewil-Flamatt; 5 326 ......2310 Zumholz;  401 >> District de la Veveyse; 16 952 ......2321 Attalens; 3 100 ......2323 Bossonnens; 1 390 ......2325 Châtel-Saint-Denis; 6 090 ......2328 Granges (Veveyse);  843 ......2333 Remaufens;  973 ......2335 Saint-Martin (FR);  985 ......2336 Semsales; 1 344 ......2337 Le Flon; 1 091 ......2338 La Verrerie; 1 136 - Solothurn; 259 283 >> Bezirk Gäu; 19 054 ......2401 Egerkingen; 3 294 ......2402 Härkingen; 1 419 ......2403 Kestenholz; 1 719 ......2404 Neuendorf; 1 949 ......2405 Niederbuchsiten;  979 ......2406 Oberbuchsiten; 1 964 ......2407 Oensingen; 5 695 ......2408 Wolfwil; 2 035 >> Bezirk Thal; 14 220 ......2421 Aedermannsdorf;  555 ......2422 Balsthal; 5 776 ......2423 Gänsbrunnen;  99 ......2424 Herbetswil;  555 ......2425 Holderbank (SO);  635 ......2426 Laupersdorf; 1 682 ......2427 Matzendorf; 1 291 ......2428 Mümliswil-Ramiswil; 2 511 ......2429 Welschenrohr; 1 116 >> Bezirk Bucheggberg; 7 560 ......2441 Aetigkofen;  171 ......2442 Aetingen;  287 ......2444 Bibern (SO);  255 ......2445 Biezwil;  323 ......2446 Brügglen;  206 ......2449 Gossliwil;  192 ......2450 Hessigkofen;  266 ......2452 Küttigkofen;  261 ......2453 Kyburg-Buchegg;  334 ......2454 Lüsslingen;  520 ......2455 Lüterkofen-Ichertswil;  723 ......2456 Lüterswil-Gächliwil;  330 ......2457 Messen; 1 401 ......2458 Mühledorf (SO);  344 ......2459 Nennigkofen;  488 ......2461 Schnottwil; 1 055 ......2462 Tscheppach;  191 ......2463 Unterramsern;  213 >> Bezirk Dorneck; 19 789 ......2471 Bättwil; 1 186 ......2472 Büren (SO);  965 ......2473 Dornach; 6 325 ......2474 Gempen;  852 ......2475 Hochwald; 1 293 ......2476 Hofstetten-Flüh; 3 114 ......2477 Metzerlen-Mariastein;  921 ......2478 Nuglar-St. Pantaleon; 1 474 ......2479 Rodersdorf; 1 274 ......2480 Seewen;  998 ......2481 Witterswil; 1 387 >> Bezirk Gösgen; 23 433 ......2491 Hauenstein-Ifenthal;  316 ......2492 Kienberg;  506 ......2493 Lostorf; 3 864 ......2495 Niedergösgen; 3 742 ......2497 Obergösgen; 2 132 ......2498 Rohr (SO);  99 ......2499 Stüsslingen; 1 017 ......2500 Trimbach; 6 309 ......2501 Winznau; 1 766 ......2502 Wisen (SO);  419 ......2503 Erlinsbach (SO); 3 263 >> Bezirk Wasseramt; 48 962 ......2511 Aeschi (SO); 1 213 ......2513 Biberist; 8 125 ......2514 Bolken;  564 ......2516 Deitingen; 2 233 ......2517 Derendingen; 6 058 ......2518 Etziken;  769 ......2519 Gerlafingen; 4 888 ......2520 Halten;  861 ......2521 Heinrichswil-Winistorf;  535 ......2522 Hersiwil;  191 ......2523 Horriwil;  839 ......2524 Hüniken;  92 ......2525 Kriegstetten; 1 259 ......2526 Lohn-Ammannsegg; 2 634 ......2527 Luterbach; 3 374 ......2528 Obergerlafingen; 1 116 ......2529 Oekingen;  771 ......2530 Recherswil; 1 730 ......2532 Subingen; 2 995 ......2534 Zuchwil; 8 715 >> Bezirk Lebern; 43 766 ......2541 Balm bei Günsberg;  194 ......2542 Bellach; 5 151 ......2543 Bettlach; 4 834 ......2544 Feldbrunnen-St. Niklaus;  919 ......2545 Flumenthal;  949 ......2546 Grenchen; 16 173 ......2547 Günsberg; 1 142 ......2548 Hubersdorf;  734 ......2549 Kammersrohr;  33 ......2550 Langendorf; 3 756 ......2551 Lommiswil; 1 434 ......2553 Oberdorf (SO); 1 651 ......2554 Riedholz; 2 193 ......2555 Rüttenen; 1 443 ......2556 Selzach; 3 160 >> Bezirk Olten; 52 052 ......2571 Boningen;  730 ......2572 Däniken; 2 769 ......2573 Dulliken; 4 725 ......2574 Eppenberg-Wöschnau;  316 ......2575 Fulenbach; 1 676 ......2576 Gretzenbach; 2 463 ......2578 Gunzgen; 1 636 ......2579 Hägendorf; 4 684 ......2580 Kappel (SO); 2 989 ......2581 Olten; 17 133 ......2582 Rickenbach (SO);  883 ......2583 Schönenwerd; 4 826 ......2584 Starrkirch-Wil; 1 631 ......2585 Walterswil (SO);  710 ......2586 Wangen bei Olten; 4 881 >> Bezirk Solothurn; 16 465 ......2601 Solothurn; 16 465 >> Bezirk Thierstein; 13 982 ......2611 Bärschwil;  819 ......2612 Beinwil (SO);  282 ......2613 Breitenbach; 3 573 ......2614 Büsserach; 2 052 ......2615 Erschwil;  893 ......2616 Fehren;  631 ......2617 Grindel;  471 ......2618 Himmelried;  925 ......2619 Kleinlützel; 1 249 ......2620 Meltingen;  618 ......2621 Nunningen; 1 851 ......2622 Zullwil;  618 - Basel-Stadt; 187 425 ......2701 Basel; 165 566 ......2702 Bettingen; 1 160 ......2703 Riehen; 20 699 - Basel-Landschaft; 276 537 >> Bezirk Arlesheim; 150 386 ......2761 Aesch (BL); 10 220 ......2762 Allschwil; 19 898 ......2763 Arlesheim; 9 073 ......2764 Biel-Benken; 3 182 ......2765 Binningen; 14 817 ......2766 Birsfelden; 10 277 ......2767 Bottmingen; 6 186 ......2768 Ettingen; 4 887 ......2769 Münchenstein; 11 715 ......2770 Muttenz; 17 339 ......2771 Oberwil (BL); 10 721 ......2772 Pfeffingen; 2 210 ......2773 Reinach (BL); 18 661 ......2774 Schönenbuch; 1 416 ......2775 Therwil; 9 784 >> Bezirk Laufen; 19 057 ......2781 Blauen;  675 ......2782 Brislach; 1 610 ......2783 Burg im Leimental;  256 ......2784 Dittingen;  753 ......2785 Duggingen; 1 421 ......2786 Grellingen; 1 777 ......2787 Laufen; 5 322 ......2788 Liesberg; 1 170 ......2789 Nenzlingen;  427 ......2790 Roggenburg;  285 ......2791 Röschenz; 1 838 ......2792 Wahlen; 1 343 ......2793 Zwingen; 2 180 >> Bezirk Liestal; 57 547 ......2821 Arisdorf; 1 612 ......2822 Augst;  840 ......2823 Bubendorf; 4 393 ......2824 Frenkendorf; 6 296 ......2825 Füllinsdorf; 4 311 ......2826 Giebenach; 1 029 ......2827 Hersberg;  316 ......2828 Lausen; 4 868 ......2829 Liestal; 13 708 ......2830 Lupsingen; 1 359 ......2831 Pratteln; 15 282 ......2832 Ramlinsburg;  672 ......2833 Seltisberg; 1 289 ......2834 Ziefen; 1 572 >> Bezirk Sissach; 33 991 ......2841 Anwil;  580 ......2842 Böckten;  777 ......2843 Buckten;  686 ......2844 Buus;  955 ......2845 Diepflingen;  645 ......2846 Gelterkinden; 5 733 ......2847 Häfelfingen;  280 ......2848 Hemmiken;  272 ......2849 Itingen; 2 018 ......2850 Känerkinden;  479 ......2851 Kilchberg (BL);  156 ......2852 Läufelfingen; 1 293 ......2853 Maisprach;  929 ......2854 Nusshof;  249 ......2855 Oltingen;  475 ......2856 Ormalingen; 1 976 ......2857 Rickenbach (BL);  575 ......2858 Rothenfluh;  777 ......2859 Rümlingen;  368 ......2860 Rünenberg;  764 ......2861 Sissach; 6 256 ......2862 Tecknau;  856 ......2863 Tenniken;  867 ......2864 Thürnen; 1 353 ......2865 Wenslingen;  699 ......2866 Wintersingen;  615 ......2867 Wittinsburg;  412 ......2868 Zeglingen;  454 ......2869 Zunzgen; 2 492 >> Bezirk Waldenburg; 15 556 ......2881 Arboldswil;  529 ......2882 Bennwil;  641 ......2883 Bretzwil;  765 ......2884 Diegten; 1 555 ......2885 Eptingen;  515 ......2886 Hölstein; 2 363 ......2887 Lampenberg;  517 ......2888 Langenbruck;  952 ......2889 Lauwil;  322 ......2890 Liedertswil;  166 ......2891 Niederdorf; 1 748 ......2892 Oberdorf (BL); 2 335 ......2893 Reigoldswil; 1 545 ......2894 Titterten;  412 ......2895 Waldenburg; 1 191 - Schaffhausen; 77 955 >> Bezirk Oberklettgau; 4 379 ......2901 Gächlingen;  779 ......2902 Guntmadingen;  227 ......2903 Löhningen; 1 376 ......2904 Neunkirch; 1 997 >> Bezirk Reiat; 8 267 ......2914 Büttenhardt;  356 ......2915 Dörflingen;  907 ......2917 Lohn (SH);  704 ......2919 Stetten (SH); 1 266 ......2920 Thayngen; 5 034 >> Bezirk Schaffhausen; 52 117 ......2931 Bargen (SH);  283 ......2932 Beringen; 3 789 ......2933 Buchberg;  837 ......2936 Merishausen;  820 ......2937 Neuhausen am Rheinfall; 10 220 ......2938 Rüdlingen;  755 ......2939 Schaffhausen; 35 413 >> Bezirk Schleitheim; 3 007 ......2951 Beggingen;  512 ......2952 Schleitheim; 1 698 ......2953 Siblingen;  797 >> Bezirk Stein; 5 391 ......2961 Buch (SH);  329 ......2962 Hemishofen;  431 ......2963 Ramsen; 1 345 ......2964 Stein am Rhein; 3 286 >> Bezirk Unterklettgau; 4 794 ......2971 Hallau; 2 065 ......2972 Oberhallau;  431 ......2973 Trasadingen;  583 ......2974 Wilchingen; 1 715 - Appenzell Ausserrhoden; 53 438 >> Bezirk Hinterland; 23 540 ......3001 Herisau; 15 222 ......3002 Hundwil;  974 ......3003 Schönengrund;  492 ......3004 Schwellbrunn; 1 476 ......3005 Stein (AR); 1 357 ......3006 Urnäsch; 2 241 ......3007 Waldstatt; 1 778 >> Bezirk Mittelland; 16 560 ......3021 Bühler; 1 705 ......3022 Gais; 3 018 ......3023 Speicher; 4 183 ......3024 Teufen (AR); 5 975 ......3025 Trogen; 1 679 >> Bezirk Vorderland; 13 338 ......3031 Grub (AR); 1 021 ......3032 Heiden; 4 012 ......3033 Lutzenberg; 1 254 ......3034 Rehetobel; 1 709 ......3035 Reute (AR);  673 ......3036 Wald (AR);  843 ......3037 Walzenhausen; 2 106 ......3038 Wolfhalden; 1 720 - Appenzell Innerrhoden; 15 717 ......3101 Appenzell; 5 661 ......3102 Gonten; 1 452 ......3103 Rüte; 3 441 ......3104 Schlatt-Haslen; 1 134 ......3105 Schwende; 2 130 ......3111 Oberegg; 1 899 - St. Gallen; 487 060 >> Wahlkreis St. Gallen; 119 598 ......3201 Häggenschwil; 1 214 ......3202 Muolen; 1 178 ......3203 St. Gallen; 74 111 ......3204 Wittenbach; 9 572 ......3212 Eggersriet; 2 238 ......3441 Andwil (SG); 1 887 ......3442 Gaiserwald; 8 018 ......3443 Gossau (SG); 17 941 ......3444 Waldkirch; 3 439 >> Wahlkreis Rorschach; 41 585 ......3211 Berg (SG);  835 ......3213 Goldach; 9 151 ......3214 Mörschwil; 3 576 ......3215 Rorschach; 8 918 ......3216 Rorschacherberg; 7 027 ......3217 Steinach; 3 402 ......3218 Tübach; 1 286 ......3219 Untereggen; 1 039 ......3237 Thal; 6 351 >> Wahlkreis Rheintal; 68 792 ......3231 Au (SG); 7 097 ......3232 Balgach; 4 530 ......3233 Berneck; 3 763 ......3234 Diepoldsau; 5 957 ......3235 Rheineck; 3 241 ......3236 St. Margrethen; 5 742 ......3238 Widnau; 8 864 ......3251 Altstätten; 11 075 ......3252 Eichberg; 1 508 ......3253 Marbach (SG); 2 074 ......3254 Oberriet (SG); 8 439 ......3255 Rebstein; 4 390 ......3256 Rüthi (SG); 2 112 >> Wahlkreis Werdenberg; 36 447 ......3271 Buchs (SG); 11 536 ......3272 Gams; 3 180 ......3273 Grabs; 6 943 ......3274 Sennwald; 4 949 ......3275 Sevelen; 4 676 ......3276 Wartau; 5 163 >> Wahlkreis Sarganserland; 39 077 ......3291 Bad Ragaz; 5 590 ......3292 Flums; 4 889 ......3293 Mels; 8 537 ......3294 Pfäfers; 1 550 ......3295 Quarten; 2 812 ......3296 Sargans; 5 779 ......3297 Vilters-Wangs; 4 488 ......3298 Walenstadt; 5 432 >> Wahlkreis See-Gaster; 63 669 ......3311 Amden; 1 695 ......3312 Benken (SG); 2 787 ......3313 Kaltbrunn; 4 546 ......3314 Rieden;  691 ......3315 Schänis; 3 620 ......3316 Weesen; 1 591 ......3331 Ernetschwil; 1 422 ......3332 Eschenbach (SG); 5 792 ......3333 Goldingen; 1 129 ......3334 Gommiswald; 2 783 ......3337 St. Gallenkappel; 1 839 ......3338 Schmerikon; 3 422 ......3339 Uznach; 5 998 ......3340 Rapperswil-Jona; 26 354 >> Wahlkreis Toggenburg; 45 084 ......3352 Ebnat-Kappel; 4 945 ......3356 Stein (SG);  369 ......3358 Nesslau-Krummenau; 3 296 ......3359 Wildhaus-Alt St. Johann; 2 642 ......3372 Hemberg;  925 ......3373 Krinau;  254 ......3374 Lichtensteig; 1 924 ......3375 Oberhelfenschwil; 1 330 ......3377 Wattwil; 8 128 ......3378 Neckertal; 4 048 ......3391 Bütschwil; 3 354 ......3392 Kirchberg (SG); 8 416 ......3393 Lütisburg; 1 427 ......3394 Mosnang; 2 840 ......3403 Ganterschwil; 1 186 >> Wahlkreis Wil; 72 808 ......3401 Degersheim; 3 962 ......3402 Flawil; 10 126 ......3405 Jonschwil; 3 720 ......3407 Oberuzwil; 6 011 ......3408 Uzwil; 12 726 ......3421 Bronschhofen; 4 684 ......3422 Niederbüren; 1 460 ......3423 Niederhelfenschwil; 2 926 ......3424 Oberbüren; 4 172 ......3425 Wil (SG); 18 301 ......3426 Zuzwil (SG); 4 720 - Graubünden / Grigioni / Grischun; 193 920 >> Bezirk Albula; 8 212 ......3501 Alvaschein;  142 ......3502 Mon;  97 ......3503 Mutten;  80 ......3504 Stierva;  140 ......3505 Tiefencastel;  256 ......3506 Vaz/Obervaz; 2 617 ......3511 Alvaneu;  406 ......3512 Brienz/Brinzauls;  128 ......3513 Lantsch/Lenz;  543 ......3514 Schmitten (GR);  249 ......3515 Surava;  200 ......3521 Bergün/Bravuogn;  449 ......3522 Filisur;  461 ......3531 Bivio;  200 ......3532 Cunter;  248 ......3533 Marmorera;  35 ......3534 Mulegns;  27 ......3536 Riom-Parsonz;  297 ......3538 Salouf;  212 ......3539 Savognin; 1 011 ......3540 Sur;  81 ......3541 Tinizong-Rona;  333 >> Distretto di Bernina; 4 690 ......3551 Brusio; 1 115 ......3561 Poschiavo; 3 575 >> Bezirk Hinterrhein; 13 003 ......3631 Almens;  221 ......3633 Fürstenau;  367 ......3634 Paspels;  468 ......3635 Pratval;  242 ......3636 Rodels;  277 ......3637 Rothenbrunnen;  310 ......3638 Scharans;  818 ......3640 Sils im Domleschg;  897 ......3661 Cazis; 2 121 ......3662 Flerden;  216 ......3663 Masein;  427 ......3668 Thusis; 2 937 ......3669 Tschappina;  137 ......3670 Urmein;  116 ......3671 Tomils;  725 ......3681 Avers;  171 ......3691 Hinterrhein;  66 ......3693 Nufenen;  157 ......3694 Splügen;  406 ......3695 Sufers;  121 ......3701 Andeer;  883 ......3703 Casti-Wergenstein;  49 ......3705 Donat;  213 ......3707 Lohn (GR);  42 ......3708 Mathon;  47 ......3711 Rongellen;  56 ......3712 Zillis-Reischen;  424 ......3713 Ferrera;  89 >> Bezirk Imboden; 19 181 ......3721 Bonaduz; 2 912 ......3722 Domat/Ems; 7 448 ......3723 Rhäzüns; 1 344 ......3731 Felsberg; 2 361 ......3732 Flims; 2 643 ......3733 Tamins; 1 222 ......3734 Trin; 1 251 >> Bezirk Inn; 9 574 ......3741 Ardez;  426 ......3742 Guarda;  161 ......3743 Lavin;  233 ......3744 Susch;  214 ......3745 Tarasp;  370 ......3746 Zernez; 1 150 ......3751 Ramosch;  485 ......3752 Samnaun;  793 ......3753 Tschlin;  429 ......3761 Ftan;  532 ......3762 Scuol; 2 333 ......3763 Sent;  903 ......3847 Val Müstair; 1 545 >> Bezirk Landquart; 24 517 ......3941 Haldenstein; 1 003 ......3945 Trimmis; 3 100 ......3946 Untervaz; 2 407 ......3947 Zizers; 3 192 ......3951 Fläsch;  595 ......3952 Jenins;  867 ......3953 Maienfeld; 2 587 ......3954 Malans; 2 308 ......3955 Landquart; 8 458 >> Bezirk Maloja / Distretto di Maloggia; 18 733 ......3781 Bever;  636 ......3782 Celerina/Schlarigna; 1 509 ......3783 Madulain;  234 ......3784 Pontresina; 2 080 ......3785 La Punt-Chamues-ch;  759 ......3786 Samedan; 2 982 ......3787 St. Moritz; 5 147 ......3788 S-chanf;  748 ......3789 Sils im Engadin/Segl;  773 ......3790 Silvaplana; 1 012 ......3791 Zuoz; 1 277 ......3792 Bregaglia; 1 576 >> Distretto di Moesa; 8 146 ......3801 Arvigo;  86 ......3803 Braggio;  51 ......3804 Buseno;  94 ......3805 Castaneda;  236 ......3806 Cauco;  35 ......3808 Rossa;  120 ......3810 Santa Maria in Calanca;  117 ......3811 Selma;  33 ......3821 Lostallo;  725 ......3822 Mesocco; 1 260 ......3823 Soazza;  352 ......3831 Cama;  535 ......3832 Grono;  987 ......3833 Leggia;  132 ......3834 Roveredo (GR); 2 489 ......3835 San Vittore;  742 ......3836 Verdabbio;  152 >> Bezirk Plessur; 40 293 ......3901 Chur; 34 087 ......3911 Churwalden; 2 083 ......3921 Arosa; 2 199 ......3922 Calfreisen;  66 ......3923 Castiel;  126 ......3924 Langwies;  296 ......3925 Lüen;  81 ......3926 Maladers;  502 ......3927 Molinis;  119 ......3929 Peist;  204 ......3931 St. Peter-Pagig;  219 ......3932 Tschiertschen-Praden;  311 >> Bezirk Prättigau-Davos; 26 236 ......3851 Davos; 11 156 ......3861 Fideris;  597 ......3862 Furna;  186 ......3863 Jenaz; 1 141 ......3871 Klosters-Serneus; 3 909 ......3881 Conters im Prättigau;  225 ......3882 Küblis;  842 ......3883 Saas;  741 ......3891 Luzein; 1 206 ......3893 St. Antönien;  358 ......3961 Grüsch; 1 921 ......3962 Schiers; 2 576 ......3972 Seewis im Prättigau; 1 378 >> Bezirk Surselva; 21 335 ......3571 Castrisch;  395 ......3572 Falera;  583 ......3574 Ilanz; 2 353 ......3575 Laax; 1 411 ......3576 Ladir;  109 ......3577 Luven;  191 ......3578 Pitasch;  104 ......3579 Riein;  66 ......3580 Ruschein;  353 ......3581 Sagogn;  676 ......3582 Schluein;  560 ......3583 Schnaus;  115 ......3584 Sevgein;  190 ......3586 Valendas;  288 ......3587 Versam;  237 ......3592 Cumbel;  238 ......3593 Duvin;  83 ......3594 Degen;  234 ......3595 Lumbrein;  361 ......3596 Morissen;  227 ......3598 St. Martin;  33 ......3599 Suraua;  238 ......3603 Vals;  986 ......3604 Vignogn;  154 ......3605 Vella;  445 ......3606 Vrin;  242 ......3611 Andiast;  213 ......3612 Obersaxen;  825 ......3613 Pigniu;  25 ......3614 Rueun;  420 ......3615 Siat;  169 ......3616 Waltensburg/Vuorz;  349 ......3617 Mundaun;  303 ......3651 Safien;  282 ......3652 Tenna;  114 ......3981 Breil/Brigels; 1 286 ......3982 Disentis/Mustér; 2 045 ......3983 Medel (Lucmagn);  422 ......3985 Sumvitg; 1 247 ......3986 Tujetsch; 1 542 ......3987 Trun; 1 221 - Aargau; 627 340 >> Bezirk Aarau; 72 852 ......4001 Aarau; 20 103 ......4002 Biberstein; 1 481 ......4003 Buchs (AG); 7 262 ......4004 Densbüren;  694 ......4005 Erlinsbach (AG); 3 762 ......4006 Gränichen; 7 163 ......4007 Hirschthal; 1 493 ......4008 Küttigen; 5 866 ......4009 Muhen; 3 688 ......4010 Oberentfelden; 7 663 ......4012 Suhr; 9 673 ......4013 Unterentfelden; 4 004 >> Bezirk Baden; 134 756 ......4021 Baden; 18 522 ......4022 Bellikon; 1 588 ......4023 Bergdietikon; 2 404 ......4024 Birmenstorf (AG); 2 727 ......4026 Ennetbaden; 3 167 ......4027 Fislisbach; 5 441 ......4028 Freienwil;  942 ......4029 Gebenstorf; 4 801 ......4030 Killwangen; 1 825 ......4031 Künten; 1 622 ......4032 Mägenwil; 2 041 ......4033 Mellingen; 4 748 ......4034 Neuenhof; 8 360 ......4035 Niederrohrdorf; 3 649 ......4037 Oberrohrdorf; 3 929 ......4038 Obersiggenthal; 8 450 ......4039 Remetschwil; 2 053 ......4040 Spreitenbach; 10 930 ......4041 Stetten (AG); 1 758 ......4042 Turgi; 2 937 ......4044 Untersiggenthal; 6 876 ......4045 Wettingen; 20 135 ......4046 Wohlenschwil; 1 458 ......4047 Würenlingen; 4 239 ......4048 Würenlos; 5 850 ......4049 Ehrendingen; 4 304 >> Bezirk Bremgarten; 71 354 ......4061 Arni (AG); 1 830 ......4062 Berikon; 4 519 ......4063 Bremgarten (AG); 6 447 ......4064 Büttikon;  949 ......4065 Dottikon; 3 571 ......4066 Eggenwil;  904 ......4067 Fischbach-Göslikon; 1 473 ......4068 Hägglingen; 2 312 ......4069 Hermetschwil-Staffeln; 1 133 ......4071 Jonen; 1 966 ......4072 Niederwil (AG); 2 441 ......4073 Oberlunkhofen; 1 956 ......4074 Oberwil-Lieli; 2 155 ......4075 Rudolfstetten-Friedlisberg; 4 319 ......4076 Sarmenstorf; 2 534 ......4077 Tägerig; 1 375 ......4078 Uezwil;  428 ......4079 Unterlunkhofen; 1 277 ......4080 Villmergen; 6 448 ......4081 Widen; 3 581 ......4082 Wohlen (AG); 14 879 ......4083 Zufikon; 4 250 ......4084 Islisberg;  607 >> Bezirk Brugg; 47 487 ......4091 Auenstein; 1 531 ......4092 Birr; 4 197 ......4093 Birrhard;  663 ......4094 Bözen;  743 ......4095 Brugg; 10 611 ......4096 Effingen;  581 ......4097 Elfingen;  271 ......4098 Gallenkirch;  131 ......4099 Habsburg;  414 ......4100 Hausen (AG); 3 117 ......4103 Linn;  129 ......4104 Lupfig; 2 189 ......4105 Mandach;  310 ......4106 Mönthal;  401 ......4107 Mülligen; 1 035 ......4108 Oberbözberg;  505 ......4109 Oberflachs;  502 ......4110 Remigen; 1 064 ......4111 Riniken; 1 464 ......4112 Rüfenach;  874 ......4113 Scherz;  642 ......4114 Schinznach-Bad; 1 183 ......4115 Schinznach-Dorf; 1 735 ......4117 Thalheim (AG);  748 ......4119 Unterbözberg;  743 ......4120 Veltheim (AG); 1 415 ......4121 Villigen; 2 028 ......4122 Villnachern; 1 529 ......4123 Windisch; 6 732 >> Bezirk Kulm; 38 405 ......4131 Beinwil am See; 2 944 ......4132 Birrwil;  968 ......4133 Burg (AG);  993 ......4134 Dürrenäsch; 1 198 ......4135 Gontenschwil; 2 077 ......4136 Holziken; 1 258 ......4137 Leimbach (AG);  445 ......4138 Leutwil;  741 ......4139 Menziken; 5 630 ......4140 Oberkulm; 2 491 ......4141 Reinach (AG); 8 063 ......4142 Schlossrued;  810 ......4143 Schmiedrued; 1 187 ......4144 Schöftland; 3 895 ......4145 Teufenthal (AG); 1 583 ......4146 Unterkulm; 2 848 ......4147 Zetzwil; 1 274 >> Bezirk Laufenburg; 30 102 ......4161 Eiken; 2 136 ......4163 Frick; 5 050 ......4164 Gansingen;  972 ......4165 Gipf-Oberfrick; 3 349 ......4166 Herznach; 1 392 ......4167 Hornussen;  870 ......4169 Kaisten; 2 567 ......4170 Laufenburg; 3 268 ......4172 Münchwilen (AG);  893 ......4173 Oberhof;  586 ......4175 Oeschgen;  910 ......4176 Schwaderloch;  683 ......4177 Sisseln; 1 461 ......4179 Ueken;  842 ......4181 Wittnau; 1 161 ......4182 Wölflinswil;  988 ......4183 Zeihen; 1 060 ......4184 Mettauertal; 1 914 >> Bezirk Lenzburg; 55 244 ......4191 Ammerswil;  699 ......4192 Boniswil; 1 392 ......4193 Brunegg;  683 ......4194 Dintikon; 2 019 ......4195 Egliswil; 1 332 ......4196 Fahrwangen; 1 964 ......4197 Hallwil;  749 ......4198 Hendschiken; 1 013 ......4199 Holderbank (AG); 1 001 ......4200 Hunzenschwil; 3 413 ......4201 Lenzburg; 8 626 ......4202 Meisterschwanden; 2 695 ......4203 Möriken-Wildegg; 4 209 ......4204 Niederlenz; 4 333 ......4205 Othmarsingen; 2 483 ......4206 Rupperswil; 4 784 ......4207 Schafisheim; 2 837 ......4208 Seengen; 3 632 ......4209 Seon; 4 795 ......4210 Staufen; 2 585 >> Bezirk Muri; 33 276 ......4221 Abtwil;  946 ......4222 Aristau; 1 362 ......4223 Auw; 1 782 ......4224 Beinwil (Freiamt); 1 047 ......4226 Besenbüren;  563 ......4227 Bettwil;  538 ......4228 Boswil; 2 553 ......4229 Bünzen; 1 009 ......4230 Buttwil; 1 174 ......4231 Dietwil; 1 214 ......4232 Geltwil;  188 ......4233 Kallern;  311 ......4234 Merenschwand; 3 356 ......4235 Mühlau; 1 019 ......4236 Muri (AG); 7 246 ......4237 Oberrüti; 1 411 ......4238 Rottenschwil;  783 ......4239 Sins; 4 182 ......4240 Waltenschwil; 2 592 >> Bezirk Rheinfelden; 45 012 ......4251 Hellikon;  781 ......4252 Kaiseraugst; 5 481 ......4253 Magden; 3 790 ......4254 Möhlin; 10 455 ......4255 Mumpf; 1 289 ......4256 Obermumpf; 1 000 ......4257 Olsberg;  356 ......4258 Rheinfelden; 12 174 ......4259 Schupfart;  758 ......4260 Stein (AG); 2 978 ......4261 Wallbach; 1 844 ......4262 Wegenstetten; 1 035 ......4263 Zeiningen; 2 220 ......4264 Zuzgen;  851 >> Bezirk Zofingen; 66 458 ......4271 Aarburg; 7 193 ......4272 Attelwil;  299 ......4273 Bottenwil;  781 ......4274 Brittnau; 3 777 ......4275 Kirchleerau;  760 ......4276 Kölliken; 4 262 ......4277 Moosleerau;  877 ......4279 Murgenthal; 2 818 ......4280 Oftringen; 12 939 ......4281 Reitnau; 1 232 ......4282 Rothrist; 8 198 ......4283 Safenwil; 3 551 ......4284 Staffelbach; 1 024 ......4285 Strengelbach; 4 660 ......4286 Uerkheim; 1 323 ......4287 Vordemwald; 1 770 ......4288 Wiliberg;  170 ......4289 Zofingen; 10 824 >> Bezirk Zurzach; 32 394 ......4301 Baldingen;  279 ......4302 Böbikon;  166 ......4303 Böttstein; 3 684 ......4304 Döttingen; 3 737 ......4305 Endingen; 2 036 ......4306 Fisibach;  408 ......4307 Full-Reuenthal;  802 ......4308 Kaiserstuhl;  403 ......4309 Klingnau; 3 182 ......4310 Koblenz; 1 605 ......4311 Leibstadt; 1 310 ......4312 Lengnau (AG); 2 588 ......4313 Leuggern; 2 099 ......4314 Mellikon;  250 ......4315 Rekingen (AG);  979 ......4316 Rietheim;  766 ......4317 Rümikon;  246 ......4318 Schneisingen; 1 329 ......4319 Siglistorf;  613 ......4320 Tegerfelden; 1 071 ......4321 Unterendingen;  367 ......4322 Wislikofen;  338 ......4323 Bad Zurzach; 4 136 - Thurgau; 256 213 >> Bezirk Arbon; 53 327 ......4401 Arbon; 14 012 ......4406 Dozwil;  665 ......4411 Egnach; 4 330 ......4416 Hefenhofen; 1 219 ......4421 Horn; 2 587 ......4426 Kesswil; 1 020 ......4431 Roggwil (TG); 2 902 ......4436 Romanshorn; 10 353 ......4441 Salmsach; 1 350 ......4446 Sommeri;  508 ......4451 Uttwil; 1 762 ......4461 Amriswil; 12 619 >> Bezirk Frauenfeld; 63 296 ......4536 Basadingen-Schlattingen; 1 731 ......4545 Diessenhofen; 3 575 ......4546 Schlatt (TG); 1 600 ......4561 Felben-Wellhausen; 2 554 ......4566 Frauenfeld; 24 119 ......4571 Gachnang; 3 503 ......4590 Hüttlingen;  811 ......4591 Matzingen; 2 588 ......4601 Neunforn;  957 ......4606 Stettfurt; 1 145 ......4611 Thundorf; 1 329 ......4616 Uesslingen-Buch; 1 069 ......4621 Warth-Weiningen; 1 217 ......4801 Berlingen;  854 ......4806 Eschenz; 1 651 ......4811 Herdern;  960 ......4816 Homburg; 1 468 ......4821 Hüttwilen; 1 561 ......4826 Mammern;  616 ......4831 Müllheim; 2 692 ......4841 Pfyn; 1 969 ......4864 Steckborn; 3 669 ......4871 Wagenhausen; 1 658 >> Bezirk Kreuzlingen; 44 220 ......4641 Altnau; 2 067 ......4643 Bottighofen; 2 117 ......4646 Ermatingen; 3 033 ......4651 Gottlieben;  297 ......4656 Güttingen; 1 485 ......4666 Kemmental; 2 297 ......4671 Kreuzlingen; 20 520 ......4681 Langrickenbach; 1 147 ......4683 Lengwil; 1 437 ......4691 Münsterlingen; 3 070 ......4696 Tägerwilen; 4 079 ......4701 Wäldi; 1 001 ......4846 Raperswilen;  406 ......4851 Salenstein; 1 264 >> Bezirk Münchwilen; 43 614 ......4551 Aadorf; 8 418 ......4716 Bettwiesen; 1 114 ......4721 Bichelsee-Balterswil; 2 693 ......4723 Braunau;  711 ......4724 Eschlikon; 4 067 ......4726 Fischingen; 2 596 ......4741 Lommis; 1 127 ......4746 Münchwilen (TG); 5 031 ......4751 Rickenbach (TG); 2 610 ......4761 Sirnach; 7 363 ......4776 Tobel-Tägerschen; 1 421 ......4781 Wängi; 4 306 ......4786 Wilen (TG); 2 157 >> Bezirk Weinfelden; 51 756 ......4471 Bischofszell; 5 608 ......4476 Erlen; 3 267 ......4486 Hauptwil-Gottshaus; 1 881 ......4495 Hohentannen;  608 ......4501 Kradolf-Schönenberg; 3 329 ......4506 Sulgen; 3 575 ......4511 Zihlschlacht-Sitterdorf; 2 132 ......4711 Affeltrangen; 2 406 ......4756 Schönholzerswilen;  807 ......4791 Wuppenau; 1 090 ......4881 Amlikon-Bissegg; 1 299 ......4891 Berg (TG); 3 199 ......4901 Birwinken; 1 349 ......4911 Bürglen (TG); 3 461 ......4921 Bussnang; 2 189 ......4941 Märstetten; 2 599 ......4946 Weinfelden; 10 699 ......4951 Wigoltingen; 2 258 - Ticino; 341 652 >> Distretto di Bellinzona; 49 473 ......5001 Arbedo-Castione; 4 437 ......5002 Bellinzona; 17 744 ......5003 Cadenazzo; 2 439 ......5004 Camorino; 2 731 ......5005 Giubiasco; 8 460 ......5006 Gnosca;  720 ......5007 Gorduno;  727 ......5008 Gudo;  803 ......5009 Isone;  377 ......5010 Lumino; 1 373 ......5012 Moleno;  116 ......5013 Monte Carasso; 2 734 ......5014 Pianezzo;  591 ......5015 Preonzo;  600 ......5017 Sant'Antonino; 2 288 ......5018 Sant'Antonio;  222 ......5019 Sementina; 3 111 >> Distretto di Blenio; 5 591 ......5048 Acquarossa; 1 856 ......5049 Blenio; 1 690 ......5050 Serravalle; 2 045 >> Distretto di Leventina; 9 524 ......5061 Airolo; 1 557 ......5063 Bedretto;  76 ......5064 Bodio; 1 044 ......5071 Dalpe;  189 ......5072 Faido; 3 181 ......5073 Giornico;  858 ......5076 Personico;  350 ......5077 Pollegio;  786 ......5078 Prato (Leventina);  418 ......5079 Quinto;  991 ......5081 Sobrio;  74 >> Distretto di Locarno; 62 787 ......5091 Ascona; 5 450 ......5095 Brione (Verzasca);  188 ......5096 Brione sopra Minusio;  539 ......5097 Brissago; 1 848 ......5099 Cavigliano;  689 ......5102 Corippo;  12 ......5105 Frasco;  102 ......5108 Gordola; 4 410 ......5109 Gresso;  35 ......5112 Lavertezzo; 1 236 ......5113 Locarno; 15 483 ......5115 Losone; 6 414 ......5117 Mergoscia;  212 ......5118 Minusio; 7 212 ......5119 Mosogno;  53 ......5120 Muralto; 2 818 ......5121 Orselina;  761 ......5125 Ronco sopra Ascona;  675 ......5129 Sonogno;  97 ......5130 Tegna;  757 ......5131 Tenero-Contra; 2 660 ......5132 Vergeletto;  55 ......5133 Verscio; 1 120 ......5135 Vogorno;  276 ......5136 Onsernone;  264 ......5137 Isorno;  335 ......5138 Cugnasco-Gerra; 2 879 ......5397 Centovalli; 1 192 ......5398 Gambarogno; 5 015 >> Distretto di Lugano; 146 045 ......5141 Agno; 4 174 ......5143 Aranno;  326 ......5144 Arogno;  948 ......5146 Astano;  293 ......5148 Bedano; 1 507 ......5149 Bedigliora;  632 ......5151 Bioggio; 2 431 ......5154 Bissone;  889 ......5155 Bogno;  145 ......5160 Brusino Arsizio;  469 ......5161 Cademario;  718 ......5162 Cadempino; 1 496 ......5163 Cadro; 2 114 ......5167 Canobbio; 1 963 ......5170 Carona;  850 ......5171 Caslano; 4 259 ......5173 Certara;  55 ......5174 Cimadera;  121 ......5176 Comano; 2 017 ......5178 Croglio;  822 ......5180 Cureglia; 1 303 ......5181 Curio;  537 ......5186 Grancia;  496 ......5187 Gravesano; 1 222 ......5189 Lamone; 1 710 ......5192 Lugano; 56 038 ......5193 Magliaso; 1 467 ......5194 Manno; 1 244 ......5195 Maroggia;  575 ......5196 Massagno; 5 942 ......5197 Melano; 1 359 ......5198 Melide; 1 669 ......5199 Mezzovico-Vira; 1 297 ......5200 Miglieglia;  286 ......5202 Monteggio;  888 ......5203 Morcote;  729 ......5205 Muzzano;  823 ......5206 Neggio;  322 ......5207 Novaggio;  807 ......5208 Origlio; 1 405 ......5210 Paradiso; 3 740 ......5212 Ponte Capriasca; 1 761 ......5213 Ponte Tresa;  775 ......5214 Porza; 1 524 ......5216 Pura; 1 383 ......5219 Rovio;  786 ......5221 Savosa; 2 142 ......5222 Sessa;  681 ......5224 Sonvico; 1 863 ......5225 Sorengo; 1 861 ......5226 Capriasca; 6 366 ......5227 Torricella-Taverne; 3 071 ......5229 Valcolla;  651 ......5230 Vernate;  581 ......5231 Vezia; 1 932 ......5233 Vico Morcote;  370 ......5236 Collina d'Oro; 4 439 ......5237 Alto Malcantone; 1 344 ......5238 Monteceneri; 4 427 >> Distretto di Mendrisio; 49 557 ......5242 Balerna; 3 303 ......5243 Besazio;  613 ......5249 Castel San Pietro; 2 050 ......5250 Chiasso; 7 933 ......5251 Coldrerio; 2 711 ......5253 Ligornetto; 1 726 ......5254 Mendrisio; 11 835 ......5255 Meride;  325 ......5257 Morbio Inferiore; 4 624 ......5260 Novazzano; 2 409 ......5263 Riva San Vitale; 2 539 ......5266 Stabio; 4 418 ......5268 Vacallo; 3 112 ......5269 Breggia; 1 959 >> Distretto di Riviera; 12 731 ......5281 Biasca; 6 091 ......5282 Claro; 2 709 ......5283 Cresciano;  640 ......5284 Iragna;  557 ......5285 Lodrino; 1 697 ......5286 Osogna; 1 037 >> Distretto di Vallemaggia; 5 944 ......5304 Bosco/Gurin;  51 ......5307 Campo (Vallemaggia);  55 ......5309 Cerentino;  62 ......5310 Cevio; 1 155 ......5315 Linescio;  51 ......5317 Maggia; 2 539 ......5323 Lavizzara;  572 ......5324 Avegno Gordevio; 1 459 - Vaud; 734 356 >> District d'Aigle; 41 736 ......5401 Aigle; 9 703 ......5402 Bex; 6 670 ......5403 Chessel;  359 ......5404 Corbeyrier;  387 ......5405 Gryon; 1 202 ......5406 Lavey-Morcles;  849 ......5407 Leysin; 3 988 ......5408 Noville;  785 ......5409 Ollon; 7 135 ......5410 Ormont-Dessous; 1 025 ......5411 Ormont-Dessus; 1 432 ......5412 Rennaz;  728 ......5413 Roche (VD); 1 388 ......5414 Villeneuve (VD); 5 057 ......5415 Yvorne; 1 028 >> District de la Broye-Vully; 38 418 ......5451 Avenches; 3 587 ......5456 Cudrefin; 1 426 ......5458 Faoug;  753 ......5464 Vully-les-Lacs; 2 530 ......5662 Brenles;  157 ......5663 Bussy-sur-Moudon;  187 ......5665 Chavannes-sur-Moudon;  213 ......5666 Chesalles-sur-Moudon;  147 ......5668 Cremin;  56 ......5669 Curtilles;  297 ......5671 Dompierre (VD);  252 ......5672 Forel-sur-Lucens;  154 ......5673 Hermenches;  362 ......5674 Lovatens;  128 ......5675 Lucens; 3 017 ......5678 Moudon; 5 202 ......5683 Prévonloup;  151 ......5684 Rossenges;  60 ......5686 Sarzens;  85 ......5688 Syens;  136 ......5690 Villars-le-Comte;  154 ......5692 Vucherens;  518 ......5782 Carrouge (VD); 1 025 ......5785 Corcelles-le-Jorat;  423 ......5798 Ropraz;  368 ......5803 Vulliens;  420 ......5812 Champtauroz;  120 ......5813 Chevroux;  413 ......5816 Corcelles-près-Payerne; 1 997 ......5817 Grandcour;  788 ......5819 Henniez;  276 ......5821 Missy;  326 ......5822 Payerne; 9 146 ......5827 Trey;  251 ......5828 Treytorrens (Payerne);  119 ......5830 Villarzel;  398 ......5831 Valbroye; 2 776 >> District du Gros-de-Vaud; 39 730 ......5471 Bettens;  405 ......5472 Bournens;  324 ......5473 Boussens;  913 ......5480 Daillens;  913 ......5487 Lussery-Villars;  374 ......5489 Mex (VD);  639 ......5495 Penthalaz; 2 997 ......5496 Penthaz; 1 649 ......5501 Sullens;  875 ......5503 Vufflens-la-Ville; 1 183 ......5511 Assens; 1 016 ......5512 Bercher; 1 135 ......5513 Bioley-Orjulaz;  460 ......5514 Bottens; 1 188 ......5515 Bretigny-sur-Morrens;  739 ......5516 Cugy (VD); 2 548 ......5518 Echallens; 5 368 ......5520 Essertines-sur-Yverdon;  873 ......5521 Etagnières; 1 035 ......5522 Fey;  589 ......5523 Froideville; 1 989 ......5527 Morrens (VD);  988 ......5529 Oulens-sous-Echallens;  519 ......5530 Pailly;  470 ......5531 Penthéréaz;  374 ......5533 Poliez-Pittet;  721 ......5534 Rueyres;  251 ......5535 Saint-Barthélemy (VD);  760 ......5537 Villars-le-Terroir;  830 ......5539 Vuarrens;  844 ......5540 Montilliez; 1 552 ......5541 Goumoëns;  888 ......5661 Boulens;  296 ......5664 Chapelle-sur-Moudon;  406 ......5667 Correvon;  107 ......5670 Denezy;  129 ......5676 Martherenges;  77 ......5679 Neyruz-sur-Moudon;  132 ......5680 Ogens;  268 ......5682 Peyres-Possens;  158 ......5685 Saint-Cierges;  490 ......5689 Thierrens;  713 ......5804 Jorat-Menthue; 1 361 ......5923 Oppens;  184 >> District du Jura-Nord vaudois; 84 643 ......5551 Bonvillars;  511 ......5552 Bullet;  591 ......5553 Champagne;  960 ......5554 Concise;  869 ......5555 Corcelles-près-Concise;  297 ......5556 Fiez;  389 ......5557 Fontaines-sur-Grandson;  148 ......5559 Giez;  399 ......5560 Grandevent;  217 ......5561 Grandson; 3 163 ......5562 Mauborget;  102 ......5563 Mutrux;  130 ......5564 Novalles;  101 ......5565 Onnens (VD);  476 ......5566 Provence;  344 ......5568 Sainte-Croix; 4 660 ......5571 Tévenon;  744 ......5741 L'Abergement;  236 ......5742 Agiez;  281 ......5743 Arnex-sur-Orbe;  577 ......5744 Ballaigues;  974 ......5745 Baulmes; 1 007 ......5746 Bavois;  774 ......5747 Bofflens;  189 ......5748 Bretonnières;  214 ......5749 Chavornay; 3 783 ......5750 Les Clées;  161 ......5751 Corcelles-sur-Chavornay;  347 ......5752 Croy;  315 ......5754 Juriens;  300 ......5755 Lignerolle;  369 ......5756 Montcherand;  453 ......5757 Orbe; 6 547 ......5758 La Praz;  162 ......5759 Premier;  188 ......5760 Rances;  434 ......5761 Romainmôtier-Envy;  484 ......5762 Sergey;  144 ......5763 Valeyres-sous-Rances;  562 ......5764 Vallorbe; 3 411 ......5765 Vaulion;  456 ......5766 Vuiteboeuf;  524 ......5871 L'Abbaye; 1 326 ......5872 Le Chenit; 4 410 ......5873 Le Lieu;  868 ......5902 Belmont-sur-Yverdon;  341 ......5903 Bioley-Magnoux;  153 ......5904 Chamblon;  550 ......5905 Champvent;  598 ......5906 Chanéaz;  110 ......5907 Chavannes-le-Chêne;  259 ......5908 Chêne-Pâquier;  117 ......5909 Cheseaux-Noréaz;  663 ......5910 Cronay;  329 ......5911 Cuarny;  166 ......5912 Démoret;  128 ......5913 Donneloye;  752 ......5914 Ependes (VD);  326 ......5915 Essert-Pittet;  151 ......5919 Mathod;  549 ......5921 Molondin;  204 ......5922 Montagny-près-Yverdon;  704 ......5924 Orges;  258 ......5925 Orzens;  198 ......5926 Pomy;  694 ......5928 Rovray;  146 ......5929 Suchy;  462 ......5930 Suscévaz;  193 ......5931 Treycovagnes;  473 ......5932 Ursins;  205 ......5933 Valeyres-sous-Montagny;  665 ......5934 Valeyres-sous-Ursins;  238 ......5935 Villars-Epeney;  79 ......5937 Vugelles-La Mothe;  118 ......5938 Yverdon-les-Bains; 28 486 ......5939 Yvonand; 2 731 >> District de Lausanne; 154 096 ......5582 Cheseaux-sur-Lausanne; 3 955 ......5584 Epalinges; 8 790 ......5585 Jouxtens-Mézery; 1 353 ......5586 Lausanne; 130 421 ......5587 Le Mont-sur-Lausanne; 6 291 ......5592 Romanel-sur-Lausanne; 3 286 >> District de Lavaux-Oron; 57 061 ......5581 Belmont-sur-Lausanne; 3 474 ......5588 Paudex; 1 399 ......5590 Pully; 17 368 ......5601 Chexbres; 2 081 ......5604 Forel (Lavaux); 2 007 ......5606 Lutry; 9 465 ......5607 Puidoux; 2 770 ......5609 Rivaz;  341 ......5610 Saint-Saphorin (Lavaux);  332 ......5611 Savigny; 3 354 ......5613 Bourg-en-Lavaux; 4 995 ......5788 Essertes;  327 ......5789 Ferlens (VD);  319 ......5790 Maracon;  455 ......5791 Mézières (VD); 1 148 ......5792 Montpreveyres;  535 ......5799 Servion; 1 823 ......5805 Oron; 4 868 >> District de Morges; 75 725 ......5421 Apples; 1 241 ......5422 Aubonne; 3 011 ......5423 Ballens;  468 ......5424 Berolle;  295 ......5425 Bière; 1 501 ......5426 Bougy-Villars;  416 ......5427 Féchy;  825 ......5428 Gimel; 1 805 ......5431 Mollens (VD);  295 ......5432 Montherod;  519 ......5435 Saint-Livres;  686 ......5436 Saint-Oyens;  320 ......5437 Saubraz;  366 ......5474 La Chaux (Cossonay);  397 ......5475 Chavannes-le-Veyron;  127 ......5476 Chevilly;  246 ......5477 Cossonay; 3 437 ......5478 Cottens (VD);  457 ......5479 Cuarnens;  384 ......5481 Dizy;  213 ......5482 Eclépens; 1 012 ......5483 Ferreyres;  299 ......5484 Gollion;  727 ......5485 Grancy;  397 ......5486 L'Isle;  989 ......5488 Mauraz;  56 ......5490 Moiry;  271 ......5491 Mont-la-Ville;  347 ......5492 Montricher;  852 ......5493 Orny;  368 ......5494 Pampigny; 1 068 ......5497 Pompaples;  795 ......5498 La Sarraz; 2 363 ......5499 Senarclens;  431 ......5500 Sévery;  210 ......5621 Aclens;  498 ......5622 Bremblens;  487 ......5623 Buchillon;  632 ......5625 Bussy-Chardonney;  387 ......5628 Chigny;  331 ......5629 Clarmont;  145 ......5631 Denens;  673 ......5632 Denges; 1 555 ......5633 Echandens; 2 210 ......5634 Echichens; 2 506 ......5636 Etoy; 2 841 ......5637 Lavigny;  885 ......5638 Lonay; 2 419 ......5639 Lully (VD);  758 ......5640 Lussy-sur-Morges;  643 ......5642 Morges; 14 994 ......5643 Préverenges; 5 076 ......5644 Reverolle;  350 ......5645 Romanel-sur-Morges;  472 ......5646 Saint-Prex; 5 451 ......5649 Tolochenaz; 1 706 ......5650 Vaux-sur-Morges;  171 ......5652 Villars-sous-Yens;  553 ......5653 Vufflens-le-Château;  798 ......5654 Vullierens;  429 ......5655 Yens; 1 150 ......5851 Allaman;  411 >> District de Nyon; 91 834 ......5429 Longirod;  414 ......5430 Marchissy;  448 ......5434 Saint-George;  941 ......5701 Arnex-sur-Nyon;  197 ......5702 Arzier; 2 392 ......5703 Bassins; 1 256 ......5704 Begnins; 1 617 ......5705 Bogis-Bossey;  875 ......5706 Borex;  879 ......5707 Chavannes-de-Bogis; 1 097 ......5708 Chavannes-des-Bois;  797 ......5709 Chéserex; 1 211 ......5710 Coinsins;  397 ......5711 Commugny; 2 756 ......5712 Coppet; 3 076 ......5713 Crans-près-Céligny; 2 108 ......5714 Crassier; 1 088 ......5715 Duillier; 1 057 ......5716 Eysins; 1 352 ......5717 Founex; 3 429 ......5718 Genolier; 1 818 ......5719 Gingins; 1 213 ......5720 Givrins;  965 ......5721 Gland; 11 693 ......5722 Grens;  367 ......5723 Mies; 1 908 ......5724 Nyon; 19 170 ......5725 Prangins; 3 935 ......5726 La Rippe; 1 065 ......5727 Saint-Cergue; 2 155 ......5728 Signy-Avenex;  455 ......5729 Tannay; 1 522 ......5730 Trélex; 1 400 ......5731 Le Vaud; 1 244 ......5732 Vich;  743 ......5852 Bursinel;  453 ......5853 Bursins;  748 ......5854 Burtigny;  354 ......5855 Dully;  562 ......5856 Essertines-sur-Rolle;  663 ......5857 Gilly;  996 ......5858 Luins;  596 ......5859 Mont-sur-Rolle; 2 547 ......5860 Perroy; 1 388 ......5861 Rolle; 5 921 ......5862 Tartegnin;  225 ......5863 Vinzel;  341 >> District de l'Ouest lausannois; 69 913 ......5583 Crissier; 7 402 ......5589 Prilly; 11 709 ......5591 Renens (VD); 20 232 ......5624 Bussigny-près-Lausanne; 8 122 ......5627 Chavannes-près-Renens; 7 058 ......5635 Ecublens (VD); 11 427 ......5648 Saint-Sulpice (VD); 3 305 ......5651 Villars-Sainte-Croix;  658 >> District de la Riviera-Pays-d'Enhaut; 81 200 ......5841 Château-d'Oex; 3 298 ......5842 Rossinière;  551 ......5843 Rougemont;  907 ......5881 Blonay; 6 023 ......5882 Chardonne; 2 772 ......5883 Corseaux; 2 142 ......5884 Corsier-sur-Vevey; 3 333 ......5885 Jongny; 1 449 ......5886 Montreux; 25 456 ......5888 Saint-Légier-La Chiésaz; 5 019 ......5889 La Tour-de-Peilz; 10 828 ......5890 Vevey; 18 594 ......5891 Veytaux;  828 - Valais / Wallis; 321 732 >> Bezirk Brig; 25 583 ......6001 Birgisch;  253 ......6002 Brig-Glis; 12 728 ......6004 Eggerberg;  342 ......6006 Mund;  544 ......6007 Naters; 8 457 ......6008 Ried-Brig; 1 989 ......6009 Simplon;  325 ......6010 Termen;  858 ......6011 Zwischbergen;  87 >> District de Conthey; 25 377 ......6021 Ardon; 2 842 ......6022 Chamoson; 3 286 ......6023 Conthey; 8 054 ......6024 Nendaz; 6 005 ......6025 Vétroz; 5 190 >> District d'Entremont; 14 517 ......6031 Bagnes; 7 834 ......6032 Bourg-Saint-Pierre;  198 ......6033 Liddes;  729 ......6034 Orsières; 3 078 ......6035 Sembrancher;  938 ......6036 Vollèges; 1 740 >> Bezirk Goms; 4 629 ......6052 Bellwald;  434 ......6054 Binn;  156 ......6055 Blitzingen;  74 ......6056 Ernen;  537 ......6057 Fiesch;  945 ......6058 Fieschertal;  318 ......6061 Lax;  292 ......6064 Niederwald;  49 ......6073 Grafschaft;  194 ......6074 Münster-Geschinen;  490 ......6075 Reckingen-Gluringen;  460 ......6076 Obergoms;  680 >> District d'Hérens; 10 623 ......6081 Les Agettes;  330 ......6082 Ayent; 3 734 ......6083 Evolène; 1 711 ......6084 Hérémence; 1 401 ......6087 Saint-Martin (VS);  883 ......6089 Vex; 1 642 ......6090 Mont-Noble;  922 >> Bezirk Leuk; 12 320 ......6101 Agarn;  802 ......6102 Albinen;  268 ......6104 Ergisch;  202 ......6105 Erschmatt;  279 ......6109 Inden;  124 ......6110 Leuk; 3 433 ......6111 Leukerbad; 1 586 ......6112 Oberems;  134 ......6113 Salgesch; 1 393 ......6114 Turtmann;  980 ......6115 Unterems;  141 ......6116 Varen;  614 ......6117 Guttet-Feschel;  443 ......6118 Gampel-Bratsch; 1 921 >> District de Martigny; 43 453 ......6131 Bovernier;  868 ......6132 Charrat; 1 526 ......6133 Fully; 7 974 ......6134 Isérables;  866 ......6135 Leytron; 2 853 ......6136 Martigny; 16 897 ......6137 Martigny-Combe; 2 310 ......6139 Riddes; 2 785 ......6140 Saillon; 2 327 ......6141 Saxon; 4 903 ......6142 Trient;  144 >> District de Monthey; 42 278 ......6151 Champéry; 1 252 ......6152 Collombey-Muraz; 7 750 ......6153 Monthey; 16 880 ......6154 Port-Valais; 3 246 ......6155 Saint-Gingolph;  939 ......6156 Troistorrents; 4 256 ......6157 Val-d'Illiez; 1 802 ......6158 Vionnaz; 2 310 ......6159 Vouvry; 3 843 >> Bezirk Raron; 10 826 ......6171 Betten;  421 ......6172 Bister;  30 ......6173 Bitsch;  852 ......6177 Grengiols;  466 ......6178 Martisberg;  19 ......6181 Riederalp;  536 ......6191 Ausserberg;  635 ......6192 Blatten;  295 ......6193 Bürchen;  724 ......6194 Eischoll;  454 ......6195 Ferden;  255 ......6197 Kippel;  367 ......6198 Niedergesteln;  684 ......6199 Raron; 1 865 ......6201 Unterbäch;  409 ......6202 Wiler (Lötschen);  575 ......6203 Mörel-Filet;  680 ......6204 Steg-Hohtenn; 1 559 >> District de Saint-Maurice; 12 931 ......6211 Collonges;  630 ......6212 Dorénaz;  796 ......6213 Evionnaz; 1 170 ......6214 Finhaut;  446 ......6215 Massongex; 1 685 ......6216 Mex (VS);  143 ......6217 Saint-Maurice; 4 345 ......6218 Salvan; 1 215 ......6219 Vernayaz; 1 839 ......6220 Vérossaz;  662 >> District de Sierre; 47 198 ......6232 Chalais; 3 249 ......6234 Chermignon; 3 008 ......6235 Chippis; 1 667 ......6238 Grône; 2 275 ......6239 Icogne;  538 ......6240 Lens; 3 909 ......6241 Miège; 1 326 ......6242 Mollens (VS);  930 ......6243 Montana; 2 368 ......6244 Randogne; 4 246 ......6246 Saint-Léonard; 2 171 ......6248 Sierre; 15 945 ......6249 Venthône; 1 208 ......6250 Veyras; 1 736 ......6252 Anniviers; 2 622 >> District de Sion; 43 759 ......6261 Arbaz; 1 109 ......6263 Grimisuat; 2 976 ......6264 Salins;  960 ......6265 Savièse; 6 939 ......6266 Sion; 31 207 ......6267 Veysonnaz;  568 >> Bezirk Visp; 28 238 ......6281 Baltschieder; 1 237 ......6282 Eisten;  216 ......6283 Embd;  311 ......6285 Grächen; 1 408 ......6286 Lalden;  662 ......6287 Randa;  436 ......6288 Saas-Almagell;  383 ......6289 Saas-Balen;  399 ......6290 Saas-Fee; 1 710 ......6291 Saas-Grund; 1 094 ......6292 St. Niklaus; 2 325 ......6293 Stalden (VS); 1 121 ......6294 Staldenried;  551 ......6295 Täsch; 1 165 ......6296 Törbel;  484 ......6297 Visp; 7 281 ......6298 Visperterminen; 1 401 ......6299 Zeneggen;  268 ......6300 Zermatt; 5 786 - Neuchâtel; 174 554 >> District de Boudry; 39 133 ......6401 Auvernier; 1 559 ......6402 Bevaix; 3 807 ......6403 Bôle; 1 806 ......6404 Boudry; 5 052 ......6405 Brot-Dessous;  105 ......6406 Colombier (NE); 5 547 ......6407 Corcelles-Cormondrèche; 4 662 ......6408 Cortaillod; 4 615 ......6409 Fresens;  223 ......6410 Gorgier; 1 963 ......6411 Montalchez;  257 ......6412 Peseux; 5 745 ......6413 Rochefort; 1 081 ......6414 Saint-Aubin-Sauges; 2 440 ......6415 Vaumarcus;  271 >> District de la Chaux-de-Fonds; 39 448 ......6421 La Chaux-de-Fonds; 38 267 ......6422 Les Planchettes;  228 ......6423 La Sagne;  953 >> District du Locle; 14 247 ......6431 Les Brenets; 1 100 ......6432 La Brévine;  636 ......6433 Brot-Plamboz;  240 ......6434 Le Cerneux-Péquignot;  322 ......6435 La Chaux-du-Milieu;  463 ......6436 Le Locle; 10 208 ......6437 Les Ponts-de-Martel; 1 278 >> District de Neuchâtel; 53 323 ......6451 Cornaux; 1 571 ......6452 Cressier (NE); 1 923 ......6453 Enges;  257 ......6454 Hauterive (NE); 2 599 ......6455 Le Landeron; 4 434 ......6456 Lignières;  962 ......6458 Neuchâtel; 33 474 ......6459 Saint-Blaise; 3 258 ......6461 La Tène; 4 845 >> District du Val-de-Ruz; 16 405 ......6471 Boudevilliers;  764 ......6472 Cernier; 2 285 ......6473 Chézard-Saint-Martin; 1 819 ......6474 Coffrane;  696 ......6475 Dombresson; 1 622 ......6476 Engollon;  105 ......6477 Fenin-Vilars-Saules;  845 ......6478 Fontainemelon; 1 633 ......6479 Fontaines (NE); 1 111 ......6480 Les Geneveys-sur-Coffrane; 1 611 ......6481 Les Hauts-Geneveys;  921 ......6482 Montmollin;  620 ......6483 Le Pâquier (NE);  212 ......6484 Savagnier; 1 220 ......6485 Valangin;  444 ......6486 Villiers;  497 >> District du Val-de-Travers; 11 998 ......6504 La Côte-aux-Fées;  449 ......6511 Les Verrières;  702 ......6512 Val-de-Travers; 10 847 - Genève; 463 101 ......6601 Aire-la-Ville; 1 108 ......6602 Anières; 2 265 ......6603 Avully; 1 771 ......6604 Avusy; 1 443 ......6605 Bardonnex; 2 220 ......6606 Bellevue; 3 200 ......6607 Bernex; 9 640 ......6608 Carouge (GE); 20 375 ......6609 Cartigny;  867 ......6610 Céligny;  623 ......6611 Chancy; 1 129 ......6612 Chêne-Bougeries; 10 530 ......6613 Chêne-Bourg; 8 072 ......6614 Choulex; 1 085 ......6615 Collex-Bossy; 1 652 ......6616 Collonge-Bellerive; 7 519 ......6617 Cologny; 4 830 ......6618 Confignon; 4 307 ......6619 Corsier (GE); 1 917 ......6620 Dardagny; 1 498 ......6621 Genève; 189 033 ......6622 Genthod; 2 691 ......6623 Le Grand-Saconnex; 11 847 ......6624 Gy;  480 ......6625 Hermance;  965 ......6626 Jussy; 1 182 ......6627 Laconnex;  605 ......6628 Lancy; 28 909 ......6629 Meinier; 2 012 ......6630 Meyrin; 21 718 ......6631 Onex; 17 851 ......6632 Perly-Certoux; 2 993 ......6633 Plan-les-Ouates; 10 250 ......6634 Pregny-Chambésy; 3 530 ......6635 Presinge;  627 ......6636 Puplinge; 2 041 ......6637 Russin;  485 ......6638 Satigny; 3 874 ......6639 Soral;  718 ......6640 Thônex; 13 587 ......6641 Troinex; 2 236 ......6642 Vandoeuvres; 2 578 ......6643 Vernier; 33 744 ......6644 Versoix; 12 879 ......6645 Veyrier; 10 215 - Jura; 70 942 >> District de Delémont; 36 609 ......6701 Bassecourt; 3 492 ......6702 Boécourt;  885 ......6703 Bourrignon;  272 ......6704 Châtillon (JU);  452 ......6705 Corban;  462 ......6706 Courchapoix;  421 ......6707 Courfaivre; 1 600 ......6708 Courrendlin; 2 595 ......6709 Courroux; 3 134 ......6710 Courtételle; 2 459 ......6711 Delémont; 11 809 ......6712 Develier; 1 394 ......6713 Ederswiler;  119 ......6714 Glovelier; 1 193 ......6715 Mervelier;  527 ......6716 Mettembert;  114 ......6717 Montsevelier;  509 ......6718 Movelier;  379 ......6719 Pleigne;  381 ......6720 Rebeuvelier;  385 ......6721 Rossemaison;  585 ......6722 Saulcy;  258 ......6723 Soulce;  236 ......6724 Soyhières;  483 ......6725 Undervelier;  291 ......6726 Vermes;  308 ......6727 Vicques; 1 795 ......6728 Vellerat;  71 >> District des Franches-Montagnes; 10 070 ......6741 Le Bémont (JU);  319 ......6742 Les Bois; 1 137 ......6743 Les Breuleux; 1 414 ......6744 La Chaux-des-Breuleux;  87 ......6745 Les Enfers;  159 ......6748 Les Genevez (JU);  526 ......6750 Lajoux (JU);  680 ......6751 Montfaucon;  581 ......6753 Muriaux;  475 ......6754 Le Noirmont; 1 755 ......6757 Saignelégier; 2 560 ......6758 Saint-Brais;  232 ......6759 Soubey;  145 >> District de Porrentruy; 24 263 ......6771 Alle; 1 737 ......6773 Beurnevésin;  134 ......6774 Boncourt; 1 274 ......6775 Bonfol;  669 ......6776 Bressaucourt;  426 ......6778 Bure;  677 ......6781 Coeuve;  701 ......6782 Cornol;  960 ......6783 Courchavon;  298 ......6784 Courgenay; 2 180 ......6785 Courtedoux;  740 ......6787 Damphreux;  176 ......6789 Fahy;  370 ......6790 Fontenais; 1 260 ......6792 Grandfontaine;  373 ......6793 Lugnez;  192 ......6800 Porrentruy; 6 703 ......6803 Rocourt;  159 ......6806 Vendlincourt;  546 ......6807 Basse-Allaine; 1 264 ......6808 Clos du Doubs; 1 278 ......6809 Haute-Ajoie;  992 ......6810 La Baroche; 1 154 